State,Sector,Sl No,Project Name,Date of Approval,Date of Commissioning,Cost,Cumulative Expenditure,Physical Progress,Report Month,Report Date,Project ID
Assam,Road Transports and Highways,919.0,"Construction of Balance Work of 4-Laning of the Section from Jorhat to Jhanji of NH- 37 Old from Km 453000 to Km 463000 10.000 Km, under SARDP- NE under EPC Mode in the state of Assam Pkg-I Road Works (NHIDCL) (618439) (N24000319) (-)","01/2024
(02/2024)","08/2024
(-)","478.3
(478.3)",0.0,96.79,April 2026,2026-04-01,N24000319
Assam,Road Transports and Highways,922.0,"Construction of Balance Work of the 4-Laning of the Section from Jorhat to Jhanji of NH-37 Old from Km 477.000 to Km 490800 13.800 Km, under SARDP- NE under EPC Mode in the state of Assam Pkg-III Road Works (NHIDCL) (618442) (N24000319) (-)","01/2024
(02/2024)","08/2024
(-)","358.72
(358.72)",0.07,99.05,April 2026,2026-04-01,N24000319
Assam,Road Transports and Highways,923.0,"Construction of Balance Work of the 4-Laning of the Section from Jorhat to Jhanji of NH-37 Old from Km 463.00 to Km 477.000 14.000 Km, under SARDP- NE under EPC Mode in the state of Assam Pkg-II Road Works (NHIDCL) (618443) (N24000319) (-)","01/2024
(02/2024)","08/2024
(-)","438.44
(438.44)",0.0,95.86,April 2026,2026-04-01,N24000319
Assam,Road Transports and Highways,924.0,"Construction of Balance Work of the 4-Laning of the Section from Jorhat to Jhanji of NH-37 Old from Km 453.000 to Km 490.800, under SARDP- NE , under EPC Mode in the state of Assam Pkg-IV Structures & Toll Plaza (NHIDCL) (618444) (N24000319) (-)","01/2024
(02/2024)","08/2024
(-)","279.01
(279.01)",0.0,94.73,April 2026,2026-04-01,N24000319
Assam,Road Transports and Highways,907.0,"Construction of Balance Work of 4-Laning of the Section from Jorhat to Jhanji of NH- 37 Old from Km 453000 to Km 463000 10.000 Km, under SARDP- NE under EPC Mode in the state of Assam Pkg-I Road Works (NHIDCL) (618439) (N24000319)","01/2024
(02/2024)","08/2024
(-)","478.3
(478.3)",0.0,96.0,February 2026,2026-02-01,N24000319
Assam,Road Transports and Highways,910.0,"Construction of Balance Work of the 4-Laning of the Section from Jorhat to Jhanji of NH-37 Old from Km 477.000 to Km 490800 13.800 Km, under SARDP- NE under EPC Mode in the state of Assam Pkg-III Road Works (NHIDCL) (618442) (N24000319)","01/2024
(02/2024)","08/2024
(-)","358.72
(358.72)",0.07,99.0,February 2026,2026-02-01,N24000319
Assam,Road Transports and Highways,911.0,"Construction of Balance Work of the 4-Laning of the Section from Jorhat to Jhanji of NH-37 Old from Km 463.00 to Km 477.000 14.000 Km, under SARDP- NE under EPC Mode in the state of Assam Pkg-II Road Works (NHIDCL) (618443) (N24000319)","01/2024
(02/2024)","08/2024
(-)","438.44
(438.44)",0.0,95.0,February 2026,2026-02-01,N24000319
Assam,Road Transports and Highways,912.0,"Construction of Balance Work of the 4-Laning of the Section from Jorhat to Jhanji of NH-37 Old from Km 453.000 to Km 490.800, under SARDP- NE , under EPC Mode in the state of Assam Pkg-IV Structures & Toll Plaza (NHIDCL) (618444) (N24000319)","01/2024
(02/2024)","08/2024
(-)","279.01
(279.01)",0.0,94.0,February 2026,2026-02-01,N24000319
Assam,Road Transports and Highways,892.0,"Construction of Balance Work of 4-Laning of the Section from Jorhat to Jhanji of NH- 37 Old from Km 453000 to Km 463000 10.000 Km, under SARDP- NE under EPC Mode in the state of Assam Pkg-I Road Works (NHIDCL) (618439) (N24000319)","01/2024
(02/2024)","08/2024
(-)","478.3
(478.3)",0.0,96.79,March 2026,2026-03-01,N24000319
Assam,Road Transports and Highways,895.0,"Construction of Balance Work of the 4-Laning of the Section from Jorhat to Jhanji of NH-37 Old from Km 477.000 to Km 490800 13.800 Km, under SARDP- NE under EPC Mode in the state of Assam Pkg-III Road Works (NHIDCL) (618442) (N24000319)","01/2024
(02/2024)","08/2024
(-)","358.72
(358.72)",0.07,99.05,March 2026,2026-03-01,N24000319
Assam,Road Transports and Highways,896.0,"Construction of Balance Work of the 4-Laning of the Section from Jorhat to Jhanji of NH-37 Old from Km 463.00 to Km 477.000 14.000 Km, under SARDP- NE under EPC Mode in the state of Assam Pkg-II Road Works (NHIDCL) (618443) (N24000319)","01/2024
(02/2024)","08/2024
(-)","438.44
(438.44)",0.0,95.86,March 2026,2026-03-01,N24000319
Assam,Road Transports and Highways,897.0,"Construction of Balance Work of the 4-Laning of the Section from Jorhat to Jhanji of NH-37 Old from Km 453.000 to Km 490.800, under SARDP- NE , under EPC Mode in the state of Assam Pkg-IV Structures & Toll Plaza (NHIDCL) (618444) (N24000319)","01/2024
(02/2024)","08/2024
(-)","279.01
(279.01)",0.0,94.73,March 2026,2026-03-01,N24000319
Assam,Road Transports and Highways,921.0,"Construction of Balance Work of 4-Laning of the Section from Jorhat to Jhanji of NH- 37 Old from Km 453000 to Km 463000 10.000 Km, under SARDP- NE under EPC Mode in the state of Assam Pkg-I Road Works (NHIDCL) (618439) (N24000319) (-)","01/2024
(02/2024)","08/2024
(-)","478.3
(478.3)",0.0,96.79,May 2026,2026-05-01,N24000319
Assam,Road Transports and Highways,924.0,"Construction of Balance Work of the 4-Laning of the Section from Jorhat to Jhanji of NH-37 Old from Km 477.000 to Km 490800 13.800 Km, under SARDP- NE under EPC Mode in the state of Assam Pkg-III Road Works (NHIDCL) (618442) (N24000319) (-)","01/2024
(02/2024)","08/2024
(-)","358.72
(358.72)",0.07,99.05,May 2026,2026-05-01,N24000319
Assam,Road Transports and Highways,925.0,"Construction of Balance Work of the 4-Laning of the Section from Jorhat to Jhanji of NH-37 Old from Km 463.00 to Km 477.000 14.000 Km, under SARDP- NE under EPC Mode in the state of Assam Pkg-II Road Works (NHIDCL) (618443) (N24000319) (-)","01/2024
(02/2024)","08/2024
(-)","438.44
(438.44)",0.0,95.86,May 2026,2026-05-01,N24000319
Assam,Road Transports and Highways,926.0,"Construction of Balance Work of the 4-Laning of the Section from Jorhat to Jhanji of NH-37 Old from Km 453.000 to Km 490.800, under SARDP- NE , under EPC Mode in the state of Assam Pkg-IV Structures & Toll Plaza (NHIDCL) (618444) (N24000319) (-)","01/2024
(02/2024)","08/2024
(-)","279.01
(279.01)",0.0,94.73,May 2026,2026-05-01,N24000319
Assam,Road Transports and Highways,920.0,"Construction of Balance Work of 4-Laning of the Section from Jhanji to Demow of NH- 37 Old from Km 490.800 to Km 534.800, under SARDP- NE on EPC Mode in the state of Assam Pkg- IV Structures & Toll Plaza (NHIDCL) (618440) (N24000320) (-)","01/2016
(10/2024)","10/2025
(-)","187.09
(100.22)",0.0,0.0,April 2026,2026-04-01,N24000320
Assam,Road Transports and Highways,921.0,"Construction of Balance Work of 4-Laning of the Section from Jhanji to Demow of NH- 37 Old from Km 490.800 to Km 501.800 11.000 Km, under SARDP- NE under EPC Mode in the state of Assam Pkg-I Road Works (NHIDCL) (618441) (N24000320) (-)","01/2016
(10/2024)","09/2025
(-)","467.79
(476.5)",72.13,0.0,April 2026,2026-04-01,N24000320
Assam,Road Transports and Highways,908.0,"Construction of Balance Work of 4-Laning of the Section from Jhanji to Demow of NH- 37 Old from Km 490.800 to Km 534.800, under SARDP- NE on EPC Mode in the state of Assam Pkg- IV Structures & Toll Plaza (NHIDCL) (618440) (N24000320)","01/2016
(10/2024)","10/2025
(-)","187.09
(100.22)",0.0,0.0,February 2026,2026-02-01,N24000320
Assam,Road Transports and Highways,909.0,"Construction of Balance Work of 4-Laning of the Section from Jhanji to Demow of NH- 37 Old from Km 490.800 to Km 501.800 11.000 Km, under SARDP- NE under EPC Mode in the state of Assam Pkg-I Road Works (NHIDCL) (618441) (N24000320)","01/2016
(10/2024)","09/2025
(-)","467.79
(476.5)",72.13,0.0,February 2026,2026-02-01,N24000320
Assam,Road Transports and Highways,919.0,"Construction of Balance Work of 4-Laning of the Section from Jhanji to Demow of NH- 37 Old from Km 501.800 to Km 514.800 13.000 Km, under SARDP- NE under EPC Mode in the state of Assam Pkg-II Road Works (NHIDCL) (619013) (N24000320)","10/2014
(10/2024)","10/2025
(-)","508.76
(542.87)",58.12,47.0,February 2026,2026-02-01,N24000320
Assam,Road Transports and Highways,921.0,"Construction of Balance Work of 4-Laning of the Section from Jhanji to Demow of NH- 37 Old from Km 514.800 to Km 534.800 20.000 Km, under SARDP- NE under EPC Mode in the state of Assam Pkg-III Road Works (NHIDCL) (619060) (N24000320)","10/2014
(10/2024)","09/2025
(-)","344.71
(619.7)",46.37,62.0,February 2026,2026-02-01,N24000320
Assam,Road Transports and Highways,893.0,"Construction of Balance Work of 4-Laning of the Section from Jhanji to Demow of NH- 37 Old from Km 490.800 to Km 534.800, under SARDP- NE on EPC Mode in the state of Assam Pkg- IV Structures & Toll Plaza (NHIDCL) (618440) (N24000320)","01/2016
(10/2024)","10/2025
(-)","187.09
(100.22)",0.0,0.0,March 2026,2026-03-01,N24000320
Assam,Road Transports and Highways,894.0,"Construction of Balance Work of 4-Laning of the Section from Jhanji to Demow of NH- 37 Old from Km 490.800 to Km 501.800 11.000 Km, under SARDP- NE under EPC Mode in the state of Assam Pkg-I Road Works (NHIDCL) (618441) (N24000320)","01/2016
(10/2024)","09/2025
(-)","467.79
(476.5)",72.13,0.0,March 2026,2026-03-01,N24000320
Assam,Road Transports and Highways,903.0,"Construction of Balance Work of 4-Laning of the Section from Jhanji to Demow of NH- 37 Old from Km 501.800 to Km 514.800 13.000 Km, under SARDP- NE under EPC Mode in the state of Assam Pkg-II Road Works (NHIDCL) (619013) (N24000320)","10/2014
(10/2024)","01/2026
(-)","508.76
(542.87)",58.12,47.34,March 2026,2026-03-01,N24000320
Assam,Road Transports and Highways,905.0,"Construction of Balance Work of 4-Laning of the Section from Jhanji to Demow of NH- 37 Old from Km 514.800 to Km 534.800 20.000 Km, under SARDP- NE under EPC Mode in the state of Assam Pkg-III Road Works (NHIDCL) (619060) (N24000320)","10/2014
(10/2024)","09/2025
(-)","344.71
(619.7)",46.37,62.9,March 2026,2026-03-01,N24000320
Assam,Road Transports and Highways,922.0,"Construction of Balance Work of 4-Laning of the Section from Jhanji to Demow of NH- 37 Old from Km 490.800 to Km 534.800, under SARDP- NE on EPC Mode in the state of Assam Pkg- IV Structures & Toll Plaza (NHIDCL) (618440) (N24000320) (-)","01/2016
(10/2024)","10/2025
(-)","187.09
(100.22)",0.0,0.0,May 2026,2026-05-01,N24000320
Assam,Road Transports and Highways,923.0,"Construction of Balance Work of 4-Laning of the Section from Jhanji to Demow of NH- 37 Old from Km 490.800 to Km 501.800 11.000 Km, under SARDP- NE under EPC Mode in the state of Assam Pkg-I Road Works (NHIDCL) (618441) (N24000320) (-)","01/2016
(10/2024)","09/2025
(-)","467.79
(476.5)",72.13,0.0,May 2026,2026-05-01,N24000320
Karnataka,Road Transports and Highways,1178.0,Widening to existing 2 lane with paved Shoulder to 4 Lane with paved shoulder from design Km 153.00 to 168.27 Mala Gate to Karkala of NH -169 on Shimoga - Mangalore section in the state of Karnataka on EPC mode under Annula Plan 2021-22 Job No. NH-169-KNT-2021-22-949 (MoRTH) (617998) (N24000979) (-),"03/2022
(02/2023)","02/2025
(03/2026)","177.94
(177.94)",108.93,75.0,April 2026,2026-04-01,N24000979
Manipur,Road Transports and Highways,1419.0,Widening to 2 Lane with Paved shoulder of lmphal to Jiribam section of NH-37 from Design Ch. from Km 101280 Near Khongsang Village to Km 131280 near Puilon Kambiron Village on EPC Mode in Manipur PKG-5 (NHIDCL) (618335) (N24000979) (-),"12/2021
(11/2022)","05/2024
(06/2026)","410.68
(410.68)",339.14,89.95,April 2026,2026-04-01,N24000979
Karnataka,Road Transports and Highways,1158.0,Widening to existing 2 lane with paved Shoulder to 4 Lane with paved shoulder from design Km 153.00 to 168.27 Mala Gate to Karkala of NH -169 on Shimoga - Mangalore section in the state of Karnataka on EPC mode under Annula Plan 2021-22 Job No. NH-169-KNT-2021-22-949 (MoRTH) (617998) (N24000979),"03/2022
(02/2023)","02/2025
(-)","177.94
(177.94)",94.59,75.0,February 2026,2026-02-01,N24000979
Maharashtra,Road Transports and Highways,1331.0,Satara to Mhaswad (MoRTH) (618153) (N24000979),"01/2017
(08/2017)","08/2019
(-)","653.46
(653.46)",0.0,98.0,February 2026,2026-02-01,N24000979
Manipur,Road Transports and Highways,1397.0,Widening to 2 Lane with Paved shoulder of lmphal to Jiribam section of NH-37 from Design Ch. from Km 101280 Near Khongsang Village to Km 131280 near Puilon Kambiron Village on EPC Mode in Manipur PKG-5 (NHIDCL) (618335) (N24000979),"12/2021
(11/2022)","05/2024
(02/2026)","410.68
(410.68)",330.32,86.0,February 2026,2026-02-01,N24000979
Karnataka,Road Transports and Highways,1144.0,Widening to existing 2 lane with paved Shoulder to 4 Lane with paved shoulder from design Km 153.00 to 168.27 Mala Gate to Karkala of NH -169 on Shimoga - Mangalore section in the state of Karnataka on EPC mode under Annula Plan 2021-22 Job No. NH-169-KNT-2021-22-949 (MoRTH) (617998) (N24000979),"03/2022
(02/2023)","02/2025
(03/2026)","177.94
(177.94)",106.78,75.0,March 2026,2026-03-01,N24000979
Maharashtra,Road Transports and Highways,1317.0,Satara to Mhaswad (MoRTH) (618153) (N24000979),"01/2017
(08/2017)","08/2019
(07/2025)","653.46
(653.46)",7.33,98.08,March 2026,2026-03-01,N24000979
Manipur,Road Transports and Highways,1383.0,Widening to 2 Lane with Paved shoulder of lmphal to Jiribam section of NH-37 from Design Ch. from Km 101280 Near Khongsang Village to Km 131280 near Puilon Kambiron Village on EPC Mode in Manipur PKG-5 (NHIDCL) (618335) (N24000979),"12/2021
(11/2022)","05/2024
(06/2026)","410.68
(410.68)",339.14,87.95,March 2026,2026-03-01,N24000979
Karnataka,Road Transports and Highways,1186.0,Widening to existing 2 lane with paved Shoulder to 4 Lane with paved shoulder from design Km 153.00 to 168.27 Mala Gate to Karkala of NH -169 on Shimoga - Mangalore section in the state of Karnataka on EPC mode under Annula Plan 2021-22 Job No. NH-169-KNT-2021-22-949 (MoRTH) (617998) (N24000979) (-),"03/2022
(02/2023)","02/2025
(11/2026)","177.94
(177.94)",111.41,83.0,May 2026,2026-05-01,N24000979
Manipur,Road Transports and Highways,1428.0,Widening to 2 Lane with Paved shoulder of lmphal to Jiribam section of NH-37 from Design Ch. from Km 101280 Near Khongsang Village to Km 131280 near Puilon Kambiron Village on EPC Mode in Manipur PKG-5 (NHIDCL) (618335) (N24000979) (-),"12/2021
(11/2022)","05/2024
(06/2026)","410.68
(410.68)",341.99,89.95,May 2026,2026-05-01,N24000979
Maharashtra,Road Transports and Highways,1346.0,Strengthening and Widening of road Sakoli- Wadsa-Armori-Gadchiroli-Ashti- Allapalli - Sironcha National highway NH 353C in Km 262/00 to 321/00 including 16 minor Bridges and 2 Major Bridge Total length 59 Km section from repanpalli to sironcha in Gadchiroli Dist in the State of Maharashtra. (MoRTH) (618133) (N24000983) (-),"03/2021
(06/2022)","05/2024
(05/2026)","280.57
(280.57)",0.0,61.61,April 2026,2026-04-01,N24000983
Telangana,Road Transports and Highways,1734.0,widening to two lane with Paved shoulders from Km.0/970 to Km.40/410 of Jangaon - Thirumal giriof NH- 365B in the state of Telanganaon EPC mode under NHO Annual Plan 2016-17 (MoRTH) (618143) (N24000983) (-),"03/2017
(11/2017)","10/2019
(10/2019)","197
(197)",0.0,92.74,April 2026,2026-04-01,N24000983
Andhra Pradesh,Road Transports and Highways,784.0,Widening to two lane with paved shoulders from Km 0/0 to 64/020 Pamarru to Akiveedu (MoRTH) (617985) (N24000983),"03/2020
(11/2021)","11/2023
(02/2024)","529.54
(588.65)",0.0,67.0,February 2026,2026-02-01,N24000983
Maharashtra,Road Transports and Highways,1323.0,Strengthening and Widening of road Sakoli- Wadsa-Armori-Gadchiroli-Ashti- Allapalli - Sironcha National highway NH 353C in Km 262/00 to 321/00 including 16 minor Bridges and 2 Major Bridge Total length 59 Km section from repanpalli to sironcha in Gadchiroli Dist in the State of Maharashtra. (MoRTH) (618133) (N24000983),"03/2021
(06/2022)","05/2024
(07/2025)","280.57
(280.57)",0.0,60.0,February 2026,2026-02-01,N24000983
Telangana,Road Transports and Highways,1705.0,widening to two lane with Paved shoulders from Km.0/970 to Km.40/410 of Jangaon - Thirumal giriof NH- 365B in the state of Telanganaon EPC mode under NHO Annual Plan 2016-17 (MoRTH) (618143) (N24000983),"03/2017
(11/2017)","10/2019
(10/2019)","197
(197)",0.0,92.0,February 2026,2026-02-01,N24000983
Andhra Pradesh,Road Transports and Highways,767.0,Widening to two lane with paved shoulders from Km 0/0 to 64/020 Pamarru to Akiveedu (MoRTH) (617985) (N24000983),"03/2020
(11/2021)","11/2023
(07/2026)","529.54
(588.65)",0.0,69.62,March 2026,2026-03-01,N24000983
Maharashtra,Road Transports and Highways,1309.0,Strengthening and Widening of road Sakoli- Wadsa-Armori-Gadchiroli-Ashti- Allapalli - Sironcha National highway NH 353C in Km 262/00 to 321/00 including 16 minor Bridges and 2 Major Bridge Total length 59 Km section from repanpalli to sironcha in Gadchiroli Dist in the State of Maharashtra. (MoRTH) (618133) (N24000983),"03/2021
(06/2022)","05/2024
(05/2026)","280.57
(280.57)",0.0,61.61,March 2026,2026-03-01,N24000983
Telangana,Road Transports and Highways,1696.0,widening to two lane with Paved shoulders from Km.0/970 to Km.40/410 of Jangaon - Thirumal giriof NH- 365B in the state of Telanganaon EPC mode under NHO Annual Plan 2016-17 (MoRTH) (618143) (N24000983),"03/2017
(11/2017)","10/2019
(10/2019)","197
(197)",0.0,92.74,March 2026,2026-03-01,N24000983
Maharashtra,Road Transports and Highways,1355.0,Strengthening and Widening of road Sakoli- Wadsa-Armori-Gadchiroli-Ashti- Allapalli - Sironcha National highway NH 353C in Km 262/00 to 321/00 including 16 minor Bridges and 2 Major Bridge Total length 59 Km section from repanpalli to sironcha in Gadchiroli Dist in the State of Maharashtra. (MoRTH) (618133) (N24000983) (-),"03/2021
(06/2022)","05/2024
(03/2027)","280.57
(280.57)",0.0,65.0,May 2026,2026-05-01,N24000983
Telangana,Road Transports and Highways,1746.0,widening to two lane with Paved shoulders from Km.0/970 to Km.40/410 of Jangaon - Thirumal giriof NH- 365B in the state of Telanganaon EPC mode under NHO Annual Plan 2016-17 (MoRTH) (618143) (N24000983) (-),"03/2017
(11/2017)","10/2019
(10/2019)","197
(197)",0.0,92.74,May 2026,2026-05-01,N24000983
Andhra Pradesh,Road Transports and Highways,790.0,"Gudivada Town 2 RoB, and Road improvement NH-165 (MoRTH) (617984) (N24000989) (-)","03/2022
(05/2023)","05/2025
(11/2026)","317.22
(317.22)",0.0,73.46,April 2026,2026-04-01,N24000989
Telangana,Road Transports and Highways,1730.0,Widening & strengthening of existing carriageway in 2 lane with paved shoulders from km 25/0 to 59/2 design Ch km 25.467 to 59.200 of NH - 353C on EPC mode in the state of Telangana (MoRTH) (618132) (N24000989) (-),"02/2018
(06/2018)","06/2020
(-)","206.13
(206.13)",152.77,98.57,April 2026,2026-04-01,N24000989
Andhra Pradesh,Road Transports and Highways,783.0,"Gudivada Town 2 RoB, and Road improvement NH-165 (MoRTH) (617984) (N24000989)","03/2022
(05/2023)","05/2025
(-)","317.22
(317.22)",0.0,67.0,February 2026,2026-02-01,N24000989
Telangana,Road Transports and Highways,1701.0,Widening & strengthening of existing carriageway in 2 lane with paved shoulders from km 25/0 to 59/2 design Ch km 25.467 to 59.200 of NH - 353C on EPC mode in the state of Telangana (MoRTH) (618132) (N24000989),"02/2018
(06/2018)","06/2020
(-)","206.13
(206.13)",152.77,98.0,February 2026,2026-02-01,N24000989
Andhra Pradesh,Road Transports and Highways,766.0,"Gudivada Town 2 RoB, and Road improvement NH-165 (MoRTH) (617984) (N24000989)","03/2022
(05/2023)","05/2025
(06/2026)","317.22
(317.22)",0.0,73.46,March 2026,2026-03-01,N24000989
Telangana,Road Transports and Highways,1692.0,Widening & strengthening of existing carriageway in 2 lane with paved shoulders from km 25/0 to 59/2 design Ch km 25.467 to 59.200 of NH - 353C on EPC mode in the state of Telangana (MoRTH) (618132) (N24000989),"02/2018
(06/2018)","06/2020
(-)","206.13
(206.13)",152.77,98.57,March 2026,2026-03-01,N24000989
Andhra Pradesh,Road Transports and Highways,792.0,"Gudivada Town 2 RoB, and Road improvement NH-165 (MoRTH) (617984) (N24000989) (-)","03/2022
(05/2023)","05/2025
(11/2026)","317.22
(317.22)",0.0,73.46,May 2026,2026-05-01,N24000989
Telangana,Road Transports and Highways,1742.0,Widening & strengthening of existing carriageway in 2 lane with paved shoulders from km 25/0 to 59/2 design Ch km 25.467 to 59.200 of NH - 353C on EPC mode in the state of Telangana (MoRTH) (618132) (N24000989) (-),"02/2018
(06/2018)","06/2020
(-)","206.13
(206.13)",152.77,98.57,May 2026,2026-05-01,N24000989
Telangana,Road Transports and Highways,1719.0,Rehabilitation and upgradation of NH-167 from design km 113.900 to 154.479 Mallepally Haliya section to two lane with paved shoulders on EPC mode in the stte of Telangana (MoRTH) (617994) (N24001263) (-),"02/2018
(06/2018)","11/2019
(12/2025)","294.13
(257.61)",239.25,88.22,April 2026,2026-04-01,N24001263
Tripura,Road Transports and Highways,1765.0,Rehabilitation & Upgradation of Road from Km 0.00 to Km 18.600 Total length-18.600 km of Kumarghat-Kailashahar section on NH-208 to 2-lane with Paved shoulder on EPC bais under NHO (NHIDCL) (618386) (N24001263) (-),"02/2020
(07/2020)","01/2022
(10/2024)","277.5
(302.03)",0.0,0.0,April 2026,2026-04-01,N24001263
Andhra Pradesh,Road Transports and Highways,798.0,Widening to two lane with paved shoulder of Rampachodavaram - Koyyuru section of NH 516E from Km 43700 to Km 113820 in the State of Andhra Pradesh on EPC mode Job No. 737 (MoRTH) (618145) (N24001263),"03/2022
(01/2023)","01/2025
(-)","568.12
(568.12)",298.7,92.0,February 2026,2026-02-01,N24001263
Assam,Road Transports and Highways,893.0,Construction of 4/6 Laning from existing Km 159.400 of NH-36 to existing Km 102.500 of NH-39 and upto end point of Assam portion [Design Km 118.050 to design Km 132.375] Total New Alignment length of 14.325 Km of Daboka -Dimapur Section Dimapur Bypass in the state of Assam under SARDP-NE 'Phase-A' on EPC mode Assam Portion (NHIDCL) (618330) (N24001263),"03/2018
(11/2019)","11/2022
(08/2024)","511.02
(511.02)",647.21,100.0,February 2026,2026-02-01,N24001263
Tripura,Road Transports and Highways,1735.0,Rehabilitation & Upgradation of Road from Km 0.00 to Km 18.600 Total length-18.600 km of Kumarghat-Kailashahar section on NH-208 to 2-lane with Paved shoulder on EPC bais under NHO (NHIDCL) (618386) (N24001263),"02/2020
(07/2020)","01/2022
(10/2024)","277.5
(302.03)",0.0,0.0,February 2026,2026-02-01,N24001263
Andhra Pradesh,Road Transports and Highways,781.0,Widening to two lane with paved shoulder of Rampachodavaram - Koyyuru section of NH 516E from Km 43700 to Km 113820 in the State of Andhra Pradesh on EPC mode Job No. 737 (MoRTH) (618145) (N24001263),"03/2022
(01/2023)","01/2025
(04/2026)","568.12
(568.12)",298.82,98.63,March 2026,2026-03-01,N24001263
Assam,Road Transports and Highways,877.0,Construction of 4/6 Laning from existing Km 159.400 of NH-36 to existing Km 102.500 of NH-39 and upto end point of Assam portion [Design Km 118.050 to design Km 132.375] Total New Alignment length of 14.325 Km of Daboka -Dimapur Section Dimapur Bypass in the state of Assam under SARDP-NE 'Phase-A' on EPC mode Assam Portion (NHIDCL) (618330) (N24001263),"03/2018
(11/2019)","11/2022
(09/2025)","511.02
(511.02)",647.21,100.0,March 2026,2026-03-01,N24001263
Telangana,Road Transports and Highways,1681.0,Rehabilitation and upgradation of NH-167 from design km 113.900 to 154.479 Mallepally Haliya section to two lane with paved shoulders on EPC mode in the stte of Telangana (MoRTH) (617994) (N24001263),"02/2018
(06/2018)","11/2019
(12/2025)","294.13
(257.61)",239.25,88.22,March 2026,2026-03-01,N24001263
Tripura,Road Transports and Highways,1726.0,Rehabilitation & Upgradation of Road from Km 0.00 to Km 18.600 Total length-18.600 km of Kumarghat-Kailashahar section on NH-208 to 2-lane with Paved shoulder on EPC bais under NHO (NHIDCL) (618386) (N24001263),"02/2020
(07/2020)","01/2022
(10/2024)","277.5
(302.03)",0.0,0.0,March 2026,2026-03-01,N24001263
Telangana,Road Transports and Highways,1731.0,Rehabilitation and upgradation of NH-167 from design km 113.900 to 154.479 Mallepally Haliya section to two lane with paved shoulders on EPC mode in the stte of Telangana (MoRTH) (617994) (N24001263) (-),"02/2018
(06/2018)","11/2019
(12/2025)","294.13
(257.61)",239.25,88.22,May 2026,2026-05-01,N24001263
Tripura,Road Transports and Highways,1777.0,Rehabilitation & Upgradation of Road from Km 0.00 to Km 18.600 Total length-18.600 km of Kumarghat-Kailashahar section on NH-208 to 2-lane with Paved shoulder on EPC bais under NHO (NHIDCL) (618386) (N24001263) (-),"02/2020
(07/2020)","01/2022
(10/2024)","277.5
(302.03)",0.0,0.0,May 2026,2026-05-01,N24001263
Andhra Pradesh,Road Transports and Highways,796.0,"Rehabilitation and up-gradation of NH-167 from Km 14/900 to Km70/000 Design Ch. 14/900 to 69/700 Chintakunta to Adoni section to two lane with paved shoulders in the State of Andhra Pradesh under Corridor Approach through Engineering, Procurement (MoRTH) (617991) (N24001278) (-)","11/2016
(05/2017)","05/2019
(10/2026)","290.15
(290.15)",140.23,91.9,April 2026,2026-04-01,N24001278
Mizoram,Road Transports and Highways,1459.0,Rehabilitation and upgradation to 2 Lane with Paved shoulder of Economic corridor of NH-6 from Design chaiange Km 0.000 to Km 13.510 Package-1 in the state of Mizoram under Bharatmala Pariyojana on EPC mode (NHIDCL) (618342) (N24001278) (-),"03/2020
(07/2020)","06/2022
(06/2024)","206.9
(206.9)",0.0,0.0,April 2026,2026-04-01,N24001278
Andhra Pradesh,Road Transports and Highways,789.0,"Rehabilitation and up-gradation of NH-167 from Km 14/900 to Km70/000 Design Ch. 14/900 to 69/700 Chintakunta to Adoni section to two lane with paved shoulders in the State of Andhra Pradesh under Corridor Approach through Engineering, Procurement (MoRTH) (617991) (N24001278)","11/2016
(05/2017)","05/2019
(11/2020)","290.15
(290.15)",36.42,92.0,February 2026,2026-02-01,N24001278
Mizoram,Road Transports and Highways,1435.0,Rehabilitation and upgradation to 2 Lane with Paved shoulder of Economic corridor of NH-6 from Design chaiange Km 0.000 to Km 13.510 Package-1 in the state of Mizoram under Bharatmala Pariyojana on EPC mode (NHIDCL) (618342) (N24001278),"03/2020
(07/2020)","06/2022
(06/2024)","206.9
(206.9)",0.0,0.0,February 2026,2026-02-01,N24001278
Nagaland,Road Transports and Highways,1532.0,4-Laning of Balance work of Dimapur-Kohima Road from design km 152.490 to km 166.700 Existing km 156.000 to km 172.900 Excluding Dimapur & Kohima Bypass under SARDP-NE Package-III (NHIDCL) (618328) (N24001278),"03/2016
(09/2023)","09/2025
(-)","562.98
(794.75)",119.71,82.0,February 2026,2026-02-01,N24001278
Andhra Pradesh,Road Transports and Highways,772.0,"Rehabilitation and up-gradation of NH-167 from Km 14/900 to Km70/000 Design Ch. 14/900 to 69/700 Chintakunta to Adoni section to two lane with paved shoulders in the State of Andhra Pradesh under Corridor Approach through Engineering, Procurement (MoRTH) (617991) (N24001278)","11/2016
(05/2017)","05/2019
(07/2026)","290.15
(290.15)",140.23,91.9,March 2026,2026-03-01,N24001278
Mizoram,Road Transports and Highways,1423.0,Rehabilitation and upgradation to 2 Lane with Paved shoulder of Economic corridor of NH-6 from Design chaiange Km 0.000 to Km 13.510 Package-1 in the state of Mizoram under Bharatmala Pariyojana on EPC mode (NHIDCL) (618342) (N24001278),"03/2020
(07/2020)","06/2022
(06/2024)","206.9
(206.9)",0.0,0.0,March 2026,2026-03-01,N24001278
Nagaland,Road Transports and Highways,1520.0,4-Laning of Balance work of Dimapur-Kohima Road from design km 152.490 to km 166.700 Existing km 156.000 to km 172.900 Excluding Dimapur & Kohima Bypass under SARDP-NE Package-III (NHIDCL) (618328) (N24001278),"03/2016
(09/2023)","09/2025
(-)","562.98
(794.75)",119.71,82.59,March 2026,2026-03-01,N24001278
Andhra Pradesh,Road Transports and Highways,798.0,"Rehabilitation and up-gradation of NH-167 from Km 14/900 to Km70/000 Design Ch. 14/900 to 69/700 Chintakunta to Adoni section to two lane with paved shoulders in the State of Andhra Pradesh under Corridor Approach through Engineering, Procurement (MoRTH) (617991) (N24001278) (-)","11/2016
(05/2017)","05/2019
(10/2026)","290.15
(290.15)",140.23,91.9,May 2026,2026-05-01,N24001278
Mizoram,Road Transports and Highways,1468.0,Rehabilitation and upgradation to 2 Lane with Paved shoulder of Economic corridor of NH-6 from Design chaiange Km 0.000 to Km 13.510 Package-1 in the state of Mizoram under Bharatmala Pariyojana on EPC mode (NHIDCL) (618342) (N24001278) (-),"03/2020
(07/2020)","06/2022
(06/2024)","206.9
(206.9)",0.0,0.0,May 2026,2026-05-01,N24001278
Karnataka,Road Transports and Highways,1190.0,Construction of Major Bridge Across Sharavathi Backwaters and approches between Ambargodu and Kalasavalli Near Sigandhur in Sagar Taluk on NH 369E in the State of Karnataka on EPC mode.Job No. NH-369E-KNT-2018-19-895 dated 06.03.2019. (MoRTH) (618144) (N24001281) (-),"03/2019
(12/2019)","12/2022
(-)","423.15
(423.15)",0.0,0.0,April 2026,2026-04-01,N24001281
Mizoram,Road Transports and Highways,1460.0,"Rehabilitation and Up gradation to 2-lane with paved shoulder of Keifang Section Economic Corridor of NH-06 from Existing Chainage Km 30050 Keifang to Km 50360 Keifang, Design Chainage Km 27400 to Km 45040 PkgIII in the State of Mizoram under Bharatmala Pariyojna on EPC Mode Seling-Dulte - III (NHIDCL) (618343) (N24001281) (-)","03/2020
(07/2020)","06/2022
(12/2024)","292.23
(292.23)",0.0,0.0,April 2026,2026-04-01,N24001281
Telangana,Road Transports and Highways,1717.0,Rehabilitation & upgradation of NH - 167 from design km 187.723 to 234.434 Miryalaguda to Kodad section to two lane with paved shoulder on EPC mode in the state of Telangana (MoRTH) (617992) (N24001281) (-),"03/2018
(09/2018)","09/2020
(06/2026)","322.81
(322.81)",148.48,98.14,April 2026,2026-04-01,N24001281
Karnataka,Road Transports and Highways,1170.0,Construction of Major Bridge Across Sharavathi Backwaters and approches between Ambargodu and Kalasavalli Near Sigandhur in Sagar Taluk on NH 369E in the State of Karnataka on EPC mode.Job No. NH-369E-KNT-2018-19-895 dated 06.03.2019. (MoRTH) (618144) (N24001281),"03/2019
(12/2019)","12/2022
(-)","423.15
(423.15)",0.0,0.0,February 2026,2026-02-01,N24001281
Mizoram,Road Transports and Highways,1436.0,"Rehabilitation and Up gradation to 2-lane with paved shoulder of Keifang Section Economic Corridor of NH-06 from Existing Chainage Km 30050 Keifang to Km 50360 Keifang, Design Chainage Km 27400 to Km 45040 PkgIII in the State of Mizoram under Bharatmala Pariyojna on EPC Mode Seling-Dulte - III (NHIDCL) (618343) (N24001281)","03/2020
(07/2020)","06/2022
(12/2024)","292.23
(292.23)",0.0,0.0,February 2026,2026-02-01,N24001281
Nagaland,Road Transports and Highways,1533.0,Construction of 4/6 Laning from Km 132.375 to Km 153.058 Total New Alignment length of 20.683 Km of Daboka-Dimapur Section Dimapur Bypass Nagaland Portion of NH-36 & 39 in the State of Nagaland on EPC basis under PhaseA of SARDP-NE (NHIDCL) (618329) (N24001281),"02/2017
(09/2017)","09/2020
(02/2023)","819.39
(819.39)",0.0,0.0,February 2026,2026-02-01,N24001281
Telangana,Road Transports and Highways,1689.0,Rehabilitation & upgradation of NH - 167 from design km 187.723 to 234.434 Miryalaguda to Kodad section to two lane with paved shoulder on EPC mode in the state of Telangana (MoRTH) (617992) (N24001281),"03/2018
(09/2018)","09/2020
(-)","322.81
(322.81)",43.78,98.0,February 2026,2026-02-01,N24001281
Karnataka,Road Transports and Highways,1156.0,Construction of Major Bridge Across Sharavathi Backwaters and approches between Ambargodu and Kalasavalli Near Sigandhur in Sagar Taluk on NH 369E in the State of Karnataka on EPC mode.Job No. NH-369E-KNT-2018-19-895 dated 06.03.2019. (MoRTH) (618144) (N24001281),"03/2019
(12/2019)","12/2022
(-)","423.15
(423.15)",0.0,0.0,March 2026,2026-03-01,N24001281
Mizoram,Road Transports and Highways,1424.0,"Rehabilitation and Up gradation to 2-lane with paved shoulder of Keifang Section Economic Corridor of NH-06 from Existing Chainage Km 30050 Keifang to Km 50360 Keifang, Design Chainage Km 27400 to Km 45040 PkgIII in the State of Mizoram under Bharatmala Pariyojna on EPC Mode Seling-Dulte - III (NHIDCL) (618343) (N24001281)","03/2020
(07/2020)","06/2022
(12/2024)","292.23
(292.23)",0.0,0.0,March 2026,2026-03-01,N24001281
Nagaland,Road Transports and Highways,1521.0,Construction of 4/6 Laning from Km 132.375 to Km 153.058 Total New Alignment length of 20.683 Km of Daboka-Dimapur Section Dimapur Bypass Nagaland Portion of NH-36 & 39 in the State of Nagaland on EPC basis under PhaseA of SARDP-NE (NHIDCL) (618329) (N24001281),"02/2017
(09/2017)","09/2020
(02/2023)","819.39
(819.39)",0.0,0.0,March 2026,2026-03-01,N24001281
Telangana,Road Transports and Highways,1679.0,Rehabilitation & upgradation of NH - 167 from design km 187.723 to 234.434 Miryalaguda to Kodad section to two lane with paved shoulder on EPC mode in the state of Telangana (MoRTH) (617992) (N24001281),"03/2018
(09/2018)","09/2020
(06/2026)","322.81
(322.81)",148.48,98.14,March 2026,2026-03-01,N24001281
Karnataka,Road Transports and Highways,1198.0,Construction of Major Bridge Across Sharavathi Backwaters and approches between Ambargodu and Kalasavalli Near Sigandhur in Sagar Taluk on NH 369E in the State of Karnataka on EPC mode.Job No. NH-369E-KNT-2018-19-895 dated 06.03.2019. (MoRTH) (618144) (N24001281) (-),"03/2019
(12/2019)","12/2022
(-)","423.15
(423.15)",0.0,0.0,May 2026,2026-05-01,N24001281
Mizoram,Road Transports and Highways,1469.0,"Rehabilitation and Up gradation to 2-lane with paved shoulder of Keifang Section Economic Corridor of NH-06 from Existing Chainage Km 30050 Keifang to Km 50360 Keifang, Design Chainage Km 27400 to Km 45040 PkgIII in the State of Mizoram under Bharatmala Pariyojna on EPC Mode Seling-Dulte - III (NHIDCL) (618343) (N24001281) (-)","03/2020
(07/2020)","06/2022
(12/2024)","292.23
(292.23)",0.0,0.0,May 2026,2026-05-01,N24001281
Telangana,Road Transports and Highways,1729.0,Rehabilitation & upgradation of NH - 167 from design km 187.723 to 234.434 Miryalaguda to Kodad section to two lane with paved shoulder on EPC mode in the state of Telangana (MoRTH) (617992) (N24001281) (-),"03/2018
(09/2018)","09/2020
(06/2026)","322.81
(322.81)",148.48,98.14,May 2026,2026-05-01,N24001281
Bihar,Road Transports and Highways,950.0,Estimate for Improvement to two lane with paved shoulder from Ramnagar to Roseda from km 3.500 to 43.000 of NH 527 E on EPC mode in State of Bihar (MoRTH) (618146) (N24001323) (-),"01/2022
(10/2024)","04/2026
(04/2027)","495.16
(495.16)",0.0,33.0,April 2026,2026-04-01,N24001323
Jammu and Kashmir,Road Transports and Highways,1129.0,Construction & Upgradation to 2 lane with paved shoulder from Design Km. 31.449 Khellani Ex. Km 44.946 to Km 51.700 Prem Nagar Ex. Km 68617 of 20.251 Km length on Khellani - Kishtwar - Chattroo section of NH-244 in the UT of J&K on EPC Mode under NHO-Gen PKG- 1 (NHIDCL) (618396) (N24001323) (-),"02/2021
(03/2021)","08/2022
(10/2024)","486.45
(486.45)",0.0,0.0,April 2026,2026-04-01,N24001323
Telangana,Road Transports and Highways,1720.0,Widening to Two Lane with Paved Shoulders from Km 67.000 to Km 114.425 of Kalwakurthy- Mallapally Section of NH 167 Erstwhile section of SH 18 in the State of Telangana on EPC mode under NH O Annual Plan 2016-17 (MoRTH) (617995) (N24001323) (-),"01/2017
(05/2017)","05/2019
(12/2025)","300
(300)",175.1,99.2,April 2026,2026-04-01,N24001323
Bihar,Road Transports and Highways,939.0,Estimate for Improvement to two lane with paved shoulder from Ramnagar to Roseda from km 3.500 to 43.000 of NH 527 E on EPC mode in State of Bihar (MoRTH) (618146) (N24001323),"01/2022
(10/2024)","04/2026
(-)","495.16
(495.16)",0.0,26.0,February 2026,2026-02-01,N24001323
Jammu and Kashmir,Road Transports and Highways,1109.0,Construction & Upgradation to 2 lane with paved shoulder from Design Km. 31.449 Khellani Ex. Km 44.946 to Km 51.700 Prem Nagar Ex. Km 68617 of 20.251 Km length on Khellani - Kishtwar - Chattroo section of NH-244 in the UT of J&K on EPC Mode under NHO-Gen PKG- 1 (NHIDCL) (618396) (N24001323),"02/2021
(03/2021)","09/2021
(10/2024)","486.45
(486.45)",0.0,0.0,February 2026,2026-02-01,N24001323
Manipur,Road Transports and Highways,1395.0,Widening to 2 lane with Paved shoulder of lmphal to Jiribam section of NH-37 from Design Ch. from km 169570 Near Nungkao vlllage under Tamenglong District to km 205974 near Jiribam Bridge under Jiribam district under NHO-NE PKG-7 (NHIDCL) (618333) (N24001323),"01/2023
(12/2023)","12/2025
(-)","760.16
(760.16)",392.84,85.0,February 2026,2026-02-01,N24001323
Telangana,Road Transports and Highways,1691.0,Widening to Two Lane with Paved Shoulders from Km 67.000 to Km 114.425 of Kalwakurthy- Mallapally Section of NH 167 Erstwhile section of SH 18 in the State of Telangana on EPC mode under NH O Annual Plan 2016-17 (MoRTH) (617995) (N24001323),"01/2017
(05/2017)","05/2019
(07/2021)","300
(300)",0.0,99.0,February 2026,2026-02-01,N24001323
Bihar,Road Transports and Highways,923.0,Estimate for Improvement to two lane with paved shoulder from Ramnagar to Roseda from km 3.500 to 43.000 of NH 527 E on EPC mode in State of Bihar (MoRTH) (618146) (N24001323),"01/2022
(10/2024)","04/2026
(04/2027)","495.16
(495.16)",0.0,32.0,March 2026,2026-03-01,N24001323
Jammu and Kashmir,Road Transports and Highways,1096.0,Construction & Upgradation to 2 lane with paved shoulder from Design Km. 31.449 Khellani Ex. Km 44.946 to Km 51.700 Prem Nagar Ex. Km 68617 of 20.251 Km length on Khellani - Kishtwar - Chattroo section of NH-244 in the UT of J&K on EPC Mode under NHO-Gen PKG- 1 (NHIDCL) (618396) (N24001323),"02/2021
(03/2021)","08/2022
(10/2024)","486.45
(486.45)",0.0,0.0,March 2026,2026-03-01,N24001323
Manipur,Road Transports and Highways,1381.0,Widening to 2 lane with Paved shoulder of lmphal to Jiribam section of NH-37 from Design Ch. from km 169570 Near Nungkao vlllage under Tamenglong District to km 205974 near Jiribam Bridge under Jiribam district under NHO-NE PKG-7 (NHIDCL) (618333) (N24001323),"01/2023
(12/2023)","12/2025
(06/2026)","760.16
(760.16)",414.38,90.2,March 2026,2026-03-01,N24001323
Telangana,Road Transports and Highways,1682.0,Widening to Two Lane with Paved Shoulders from Km 67.000 to Km 114.425 of Kalwakurthy- Mallapally Section of NH 167 Erstwhile section of SH 18 in the State of Telangana on EPC mode under NH O Annual Plan 2016-17 (MoRTH) (617995) (N24001323),"01/2017
(05/2017)","05/2019
(12/2025)","300
(300)",175.1,99.2,March 2026,2026-03-01,N24001323
Bihar,Road Transports and Highways,952.0,Estimate for Improvement to two lane with paved shoulder from Ramnagar to Roseda from km 3.500 to 43.000 of NH 527 E on EPC mode in State of Bihar (MoRTH) (618146) (N24001323) (-),"01/2022
(10/2024)","04/2026
(04/2027)","495.16
(495.16)",0.0,36.0,May 2026,2026-05-01,N24001323
Jammu and Kashmir,Road Transports and Highways,1133.0,Construction & Upgradation to 2 lane with paved shoulder from Design Km. 31.449 Khellani Ex. Km 44.946 to Km 51.700 Prem Nagar Ex. Km 68617 of 20.251 Km length on Khellani - Kishtwar - Chattroo section of NH-244 in the UT of J&K on EPC Mode under NHO-Gen PKG- 1 (NHIDCL) (618396) (N24001323) (-),"02/2021
(03/2021)","08/2022
(10/2024)","486.45
(486.45)",0.0,0.0,May 2026,2026-05-01,N24001323
Telangana,Road Transports and Highways,1732.0,Widening to Two Lane with Paved Shoulders from Km 67.000 to Km 114.425 of Kalwakurthy- Mallapally Section of NH 167 Erstwhile section of SH 18 in the State of Telangana on EPC mode under NH O Annual Plan 2016-17 (MoRTH) (617995) (N24001323) (-),"01/2017
(05/2017)","05/2019
(12/2025)","300
(300)",175.1,99.2,May 2026,2026-05-01,N24001323
Arunachal Pradesh,Road Transports and Highways,875.0,Construction of Balance work of 2-Lane with PS of Joram-Koloriang Road NH-713 on EPC basis from Design Km 44.989 to Km 61.547 Existing Km 50.050 to Km 70.000 in the state of Arunachal Pradesh under SARDP-NE Pkg-3 (NHIDCL) (618432) (N24001390) (-),"02/2017
(10/2020)","04/2022
(07/2023)","228.72
(228.72)",0.0,99.52,April 2026,2026-04-01,N24001390
Karnataka,Road Transports and Highways,1180.0,Widening to 2-Lane with Paved Shoulders from Km 116.800 to 149.070Design Changes on Hosadurga - Holalkere Section of NH-173 in the State of Karnataka on EPC mode under Annual Plan 2021-22 Job no. NH-173-KNT-2021-22-946 (MoRTH) (618000) (N24001390) (-),"03/2022
(08/2022)","02/2024
(04/2026)","170.34
(147.39)",106.88,92.65,April 2026,2026-04-01,N24001390
Maharashtra,Road Transports and Highways,1355.0,"Rehabilitation & upgradation of Jamkhed to Sautada Section of NH548 D from km 195.375 to km 208.774, Length 13.399 Km to 2L PS /4L configuration with rigid pavement in the state of Maharashtra on EPC mode. (MoRTH) (618154) (N24001390) (-)","03/2022
(01/2023)","07/2024
(06/2026)","157.62
(157.62)",0.0,68.93,April 2026,2026-04-01,N24001390
Arunachal Pradesh,Road Transports and Highways,865.0,Construction of Balance work of 2-Lane with PS of Joram-Koloriang Road NH-713 on EPC basis from Design Km 44.989 to Km 61.547 Existing Km 50.050 to Km 70.000 in the state of Arunachal Pradesh under SARDP-NE Pkg-3 (NHIDCL) (618432) (N24001390),"02/2017
(10/2020)","04/2022
(07/2023)","228.72
(228.72)",0.0,99.0,February 2026,2026-02-01,N24001390
Karnataka,Road Transports and Highways,1160.0,Widening to 2-Lane with Paved Shoulders from Km 116.800 to 149.070Design Changes on Hosadurga - Holalkere Section of NH-173 in the State of Karnataka on EPC mode under Annual Plan 2021-22 Job no. NH-173-KNT-2021-22-946 (MoRTH) (618000) (N24001390),"03/2022
(08/2022)","02/2024
(-)","170.34
(147.39)",74.5,92.0,February 2026,2026-02-01,N24001390
Maharashtra,Road Transports and Highways,1332.0,"Rehabilitation & upgradation of Jamkhed to Sautada Section of NH548 D from km 195.375 to km 208.774, Length 13.399 Km to 2L PS /4L configuration with rigid pavement in the state of Maharashtra on EPC mode. (MoRTH) (618154) (N24001390)","03/2022
(01/2023)","07/2024
(-)","157.62
(157.62)",0.0,62.0,February 2026,2026-02-01,N24001390
Manipur,Road Transports and Highways,1398.0,Widening to 2 -Lane with Paved shoulder of Imphal to Jiribam section of NH-37 from Design Chainage 66.110 km to 101.280 Km Existing Chainage km 67.496 to km 103.557 on EPC Mode in Manipur PKG-4 (NHIDCL) (618336) (N24001390),"09/2021
(06/2022)","12/2023
(08/2025)","579.63
(579.63)",369.63,82.0,February 2026,2026-02-01,N24001390
Arunachal Pradesh,Road Transports and Highways,849.0,Construction of Balance work of 2-Lane with PS of Joram-Koloriang Road NH-713 on EPC basis from Design Km 44.989 to Km 61.547 Existing Km 50.050 to Km 70.000 in the state of Arunachal Pradesh under SARDP-NE Pkg-3 (NHIDCL) (618432) (N24001390),"02/2017
(10/2020)","04/2022
(07/2023)","228.72
(228.72)",0.0,99.52,March 2026,2026-03-01,N24001390
Karnataka,Road Transports and Highways,1146.0,Widening to 2-Lane with Paved Shoulders from Km 116.800 to 149.070Design Changes on Hosadurga - Holalkere Section of NH-173 in the State of Karnataka on EPC mode under Annual Plan 2021-22 Job no. NH-173-KNT-2021-22-946 (MoRTH) (618000) (N24001390),"03/2022
(08/2022)","02/2024
(04/2026)","170.34
(147.39)",106.85,92.65,March 2026,2026-03-01,N24001390
Maharashtra,Road Transports and Highways,1318.0,"Rehabilitation & upgradation of Jamkhed to Sautada Section of NH548 D from km 195.375 to km 208.774, Length 13.399 Km to 2L PS /4L configuration with rigid pavement in the state of Maharashtra on EPC mode. (MoRTH) (618154) (N24001390)","03/2022
(01/2023)","07/2024
(06/2026)","157.62
(157.62)",0.0,68.93,March 2026,2026-03-01,N24001390
Manipur,Road Transports and Highways,1384.0,Widening to 2 -Lane with Paved shoulder of Imphal to Jiribam section of NH-37 from Design Chainage 66.110 km to 101.280 Km Existing Chainage km 67.496 to km 103.557 on EPC Mode in Manipur PKG-4 (NHIDCL) (618336) (N24001390),"09/2021
(06/2022)","12/2023
(07/2026)","579.63
(579.63)",377.13,83.98,March 2026,2026-03-01,N24001390
Arunachal Pradesh,Road Transports and Highways,877.0,Construction of Balance work of 2-Lane with PS of Joram-Koloriang Road NH-713 on EPC basis from Design Km 44.989 to Km 61.547 Existing Km 50.050 to Km 70.000 in the state of Arunachal Pradesh under SARDP-NE Pkg-3 (NHIDCL) (618432) (N24001390) (-),"02/2017
(10/2020)","04/2022
(07/2023)","228.72
(228.72)",0.0,99.52,May 2026,2026-05-01,N24001390
Karnataka,Road Transports and Highways,1188.0,Widening to 2-Lane with Paved Shoulders from Km 116.800 to 149.070Design Changes on Hosadurga - Holalkere Section of NH-173 in the State of Karnataka on EPC mode under Annual Plan 2021-22 Job no. NH-173-KNT-2021-22-946 (MoRTH) (618000) (N24001390) (-),"03/2022
(08/2022)","02/2024
(04/2026)","170.34
(147.39)",106.88,92.65,May 2026,2026-05-01,N24001390
Maharashtra,Road Transports and Highways,1364.0,"Rehabilitation & upgradation of Jamkhed to Sautada Section of NH548 D from km 195.375 to km 208.774, Length 13.399 Km to 2L PS /4L configuration with rigid pavement in the state of Maharashtra on EPC mode. (MoRTH) (618154) (N24001390) (-)","03/2022
(01/2023)","07/2024
(06/2026)","157.62
(157.62)",0.0,68.93,May 2026,2026-05-01,N24001390
Manipur,Road Transports and Highways,1421.0,Widening to 2 -Lane with Paved shoulder of Imphal to Jiribam section of NH-37 from Design Chainage 33.000 km to 66.390 Km Existing Chainage from km 33.395 to km 67.496 on EPC Mode in Manipur PKG-3 (NHIDCL) (618337) (N24001416) (-),"03/2021
(09/2021)","03/2023
(03/2026)","467
(467)",568.72,86.33,April 2026,2026-04-01,N24001416
Telangana,Road Transports and Highways,1722.0,"Construction of 4-lane flyover at Amberpet-X road, Hyderabad on NH-202 in the State of Telangana (MoRTH) (618001) (N24001416) (-)","05/2018
(06/2021)","06/2023
(06/2026)","216.53
(265.88)",154.05,92.1,April 2026,2026-04-01,N24001416
Andhra Pradesh,Road Transports and Highways,799.0,Widening and Reconstruction of existing road to four lane from Km.56400 to Km 120300 i.e. from B.Kothapalli Junction to Gorantla excluding Kadiri Bypass from Km 70200 to Km 77105 of NH 716G in the State of Andhra Pradesh on EPC mode Job no. 742 (MoRTH) (618161) (N24001416),"03/2022
(09/2023)","12/2025
(-)","839.98
(839.98)",353.87,99.0,February 2026,2026-02-01,N24001416
Manipur,Road Transports and Highways,1399.0,Widening to 2 -Lane with Paved shoulder of Imphal to Jiribam section of NH-37 from Design Chainage 33.000 km to 66.390 Km Existing Chainage from km 33.395 to km 67.496 on EPC Mode in Manipur PKG-3 (NHIDCL) (618337) (N24001416),"03/2021
(09/2021)","03/2023
(07/2025)","467
(467)",565.78,86.0,February 2026,2026-02-01,N24001416
Punjab,Road Transports and Highways,1584.0,Delhi-Amritsar-Katra Expressway Phase-I Pkg-VIII from Junction with Ludhiana- Malerkotla SH-11 near Bhogiwal village to Junction with Ludhiana-Moga road NH-5 near Mullanpur Dakha Km 225770 to km 260860 (National Highways Authority of India [NHAI]) (618488) (N24001416),"12/2020
(03/2023)","03/2025
(-)","1895.74
(2034.94)",751.95,31.0,February 2026,2026-02-01,N24001416
Telangana,Road Transports and Highways,1693.0,"Construction of 4-lane flyover at Amberpet-X road, Hyderabad on NH-202 in the State of Telangana (MoRTH) (618001) (N24001416)","05/2018
(06/2021)","06/2023
(04/2024)","216.53
(265.88)",152.77,92.0,February 2026,2026-02-01,N24001416
Andhra Pradesh,Road Transports and Highways,782.0,Widening and Reconstruction of existing road to four lane from Km.56400 to Km 120300 i.e. from B.Kothapalli Junction to Gorantla excluding Kadiri Bypass from Km 70200 to Km 77105 of NH 716G in the State of Andhra Pradesh on EPC mode Job no. 742 (MoRTH) (618161) (N24001416),"03/2022
(09/2023)","12/2025
(04/2026)","839.98
(839.98)",355.56,99.45,March 2026,2026-03-01,N24001416
Manipur,Road Transports and Highways,1385.0,Widening to 2 -Lane with Paved shoulder of Imphal to Jiribam section of NH-37 from Design Chainage 33.000 km to 66.390 Km Existing Chainage from km 33.395 to km 67.496 on EPC Mode in Manipur PKG-3 (NHIDCL) (618337) (N24001416),"03/2021
(09/2021)","03/2023
(03/2026)","467
(467)",568.72,86.33,March 2026,2026-03-01,N24001416
Punjab,Road Transports and Highways,1573.0,Delhi-Amritsar-Katra Expressway Phase-I Pkg-VIII from Junction with Ludhiana- Malerkotla SH-11 near Bhogiwal village to Junction with Ludhiana-Moga road NH-5 near Mullanpur Dakha Km 225770 to km 260860 (National Highways Authority of India [NHAI]) (618488) (N24001416),"12/2020
(03/2023)","03/2025
(-)","1895.74
(2034.94)",751.95,31.08,March 2026,2026-03-01,N24001416
Telangana,Road Transports and Highways,1684.0,"Construction of 4-lane flyover at Amberpet-X road, Hyderabad on NH-202 in the State of Telangana (MoRTH) (618001) (N24001416)","05/2018
(06/2021)","06/2023
(02/2026)","216.53
(265.88)",154.05,92.1,March 2026,2026-03-01,N24001416
Manipur,Road Transports and Highways,1430.0,Widening to 2 -Lane with Paved shoulder of Imphal to Jiribam section of NH-37 from Design Chainage 33.000 km to 66.390 Km Existing Chainage from km 33.395 to km 67.496 on EPC Mode in Manipur PKG-3 (NHIDCL) (618337) (N24001416) (-),"03/2021
(09/2021)","03/2023
(03/2026)","467
(467)",571.25,86.33,May 2026,2026-05-01,N24001416
Telangana,Road Transports and Highways,1734.0,"Construction of 4-lane flyover at Amberpet-X road, Hyderabad on NH-202 in the State of Telangana (MoRTH) (618001) (N24001416) (-)","05/2018
(06/2021)","06/2023
(06/2026)","216.53
(265.88)",156.4,92.1,May 2026,2026-05-01,N24001416
Nagaland,Road Transports and Highways,1524.0,Widening of existing single lane to intermediate lane road from Mokokchung to Chare via Dikhu in the state of Nagaland on EPC mode (MoRTH) (618002) (N24001418),"02/2021
(06/2023)","06/2025
(-)","192.93
(192.93)",99.65,0.0,February 2026,2026-02-01,N24001418
Punjab,Road Transports and Highways,1586.0,Delhi-Amritsar-Katra Expressway Phase-I Pkg-X from Jn. with Jalandhar - Moga road NH-703 to Jn. with Jalandhar-Kapurthala road NH-703A and to Jn. with Kapurthala - Sultanpur Lodhi road NH-703A km 000 to km 24000 to Amritsar connectivity (National Highways Authority of India [NHAI]) (618490) (N24001418),"12/2020
(07/2022)","07/2024
(09/2025)","2177.54
(2062.74)",1004.28,62.0,February 2026,2026-02-01,N24001418
Uttar Pradesh,Road Transports and Highways,1760.0,"Rehabilitation and Up-gradation from km. 0000 to km.40390 of NH-730S MaharajganjNichloulThuthibari to two lane with paved shoulders in the State of U.P. on Engineering, Procurement & Construction EPC Basis. (MoRTH) (618163) (N24001418)","03/2023
(06/2024)","12/2025
(-)","809.25
(603.19)",0.0,56.0,February 2026,2026-02-01,N24001418
Nagaland,Road Transports and Highways,1512.0,Widening of existing single lane to intermediate lane road from Mokokchung to Chare via Dikhu in the state of Nagaland on EPC mode (MoRTH) (618002) (N24001418),"02/2021
(06/2023)","06/2025
(-)","192.93
(192.93)",99.65,0.0,March 2026,2026-03-01,N24001418
Punjab,Road Transports and Highways,1575.0,Delhi-Amritsar-Katra Expressway Phase-I Pkg-X from Jn. with Jalandhar - Moga road NH-703 to Jn. with Jalandhar-Kapurthala road NH-703A and to Jn. with Kapurthala - Sultanpur Lodhi road NH-703A km 000 to km 24000 to Amritsar connectivity (National Highways Authority of India [NHAI]) (618490) (N24001418),"12/2020
(07/2022)","07/2024
(09/2025)","2177.54
(2062.74)",1004.28,62.99,March 2026,2026-03-01,N24001418
Uttar Pradesh,Road Transports and Highways,1751.0,"Rehabilitation and Up-gradation from km. 0000 to km.40390 of NH-730S MaharajganjNichloulThuthibari to two lane with paved shoulders in the State of U.P. on Engineering, Procurement & Construction EPC Basis. (MoRTH) (618163) (N24001418)","03/2023
(06/2024)","12/2025
(12/2026)","809.25
(603.19)",0.0,58.0,March 2026,2026-03-01,N24001418
Assam,Road Transports and Highways,907.0,Widening/Improvement to 4-Lane with Paved Shoulder from km 626030 Nalani hulla Gaon to km 650450 Chotahapjan on existing Tinsukhia -Makum Bypass of NH-15 OLD NH-37 and Strengthening of existing NH-315 OLD NH-38 from Km 0000 Chotahapjan to Km 16900 Bogapani section 2-Lane PS in Assam on EPCMode under NHO-NE Package-3 (NHIDCL) (618340) (N24001419) (-),"01/2023
(05/2023)","05/2025
(07/2026)","458.59
(458.59)",217.2,83.39,April 2026,2026-04-01,N24001419
Odisha,Road Transports and Highways,1578.0,Construction of four lane ROB and its approaches in lieu of existing Level Crossing No. RV-71 at km 435 on NH-217 New NH-353 at Khariar including land acquisition under NHO in Annual Plan 2021-22 for the state of Odisha for F.Y. 2021-22 to F.Y 2033-34 (MoRTH) (618003) (N24001419) (-),"11/2021
(06/2023)","12/2024
(06/2026)","154.49
(154.49)",22.32,72.0,April 2026,2026-04-01,N24001419
Assam,Road Transports and Highways,896.0,Widening/Improvement to 4-Lane with Paved Shoulder from km 626030 Nalani hulla Gaon to km 650450 Chotahapjan on existing Tinsukhia -Makum Bypass of NH-15 OLD NH-37 and Strengthening of existing NH-315 OLD NH-38 from Km 0000 Chotahapjan to Km 16900 Bogapani section 2-Lane PS in Assam on EPCMode under NHO-NE Package-3 (NHIDCL) (618340) (N24001419),"01/2023
(05/2023)","05/2025
(-)","458.59
(458.59)",210.94,80.0,February 2026,2026-02-01,N24001419
Odisha,Road Transports and Highways,1553.0,Construction of four lane ROB and its approaches in lieu of existing Level Crossing No. RV-71 at km 435 on NH-217 New NH-353 at Khariar including land acquisition under NHO in Annual Plan 2021-22 for the state of Odisha for F.Y. 2021-22 to F.Y 2033-34 (MoRTH) (618003) (N24001419),"11/2021
(06/2023)","12/2024
(-)","154.49
(154.49)",22.32,45.0,February 2026,2026-02-01,N24001419
Punjab,Road Transports and Highways,1587.0,Delhi-Amritsar-Katra Expressway Phase-I Pkg-XI from Junction with Jalandhar - Kapurthala road NH-703A near khojewal village to Junction with Amritsar-Mehta- SriHargobindpur-Tanda road NH-503A near SriHargobindpur Km 319400 to km 362420 (National Highways Authority of India [NHAI]) (618491) (N24001419),"03/2021
(11/2022)","11/2024
(-)","2175.35
(2206.71)",941.19,43.0,February 2026,2026-02-01,N24001419
Uttar Pradesh,Road Transports and Highways,1761.0,Construction of four lane highway with paved shoulder from Km.74.700 to Km.112.950 of NH-731A i/c Yamuna Bridge on HAM in the state of Uttar Pradesh. (MoRTH) (618164) (N24001419),"03/2022
(06/2024)","06/2026
(-)","1141.67
(1157.31)",0.0,77.0,February 2026,2026-02-01,N24001419
Assam,Road Transports and Highways,880.0,Widening/Improvement to 4-Lane with Paved Shoulder from km 626030 Nalani hulla Gaon to km 650450 Chotahapjan on existing Tinsukhia -Makum Bypass of NH-15 OLD NH-37 and Strengthening of existing NH-315 OLD NH-38 from Km 0000 Chotahapjan to Km 16900 Bogapani section 2-Lane PS in Assam on EPCMode under NHO-NE Package-3 (NHIDCL) (618340) (N24001419),"01/2023
(05/2023)","05/2025
(05/2026)","458.59
(458.59)",217.2,83.29,March 2026,2026-03-01,N24001419
Odisha,Road Transports and Highways,1542.0,Construction of four lane ROB and its approaches in lieu of existing Level Crossing No. RV-71 at km 435 on NH-217 New NH-353 at Khariar including land acquisition under NHO in Annual Plan 2021-22 for the state of Odisha for F.Y. 2021-22 to F.Y 2033-34 (MoRTH) (618003) (N24001419),"11/2021
(06/2023)","12/2024
(06/2026)","154.49
(154.49)",22.32,72.0,March 2026,2026-03-01,N24001419
Punjab,Road Transports and Highways,1576.0,Delhi-Amritsar-Katra Expressway Phase-I Pkg-XI from Junction with Jalandhar - Kapurthala road NH-703A near khojewal village to Junction with Amritsar-Mehta- SriHargobindpur-Tanda road NH-503A near SriHargobindpur Km 319400 to km 362420 (National Highways Authority of India [NHAI]) (618491) (N24001419),"03/2021
(11/2022)","11/2024
(-)","2175.35
(2206.71)",941.19,43.45,March 2026,2026-03-01,N24001419
Uttar Pradesh,Road Transports and Highways,1752.0,Construction of four lane highway with paved shoulder from Km.74.700 to Km.112.950 of NH-731A i/c Yamuna Bridge on HAM in the state of Uttar Pradesh. (MoRTH) (618164) (N24001419),"03/2022
(06/2024)","06/2026
(06/2026)","1141.67
(1157.31)",0.0,80.0,March 2026,2026-03-01,N24001419
Assam,Road Transports and Highways,909.0,Widening/Improvement to 4-Lane with Paved Shoulder from km 626030 Nalani hulla Gaon to km 650450 Chotahapjan on existing Tinsukhia -Makum Bypass of NH-15 OLD NH-37 and Strengthening of existing NH-315 OLD NH-38 from Km 0000 Chotahapjan to Km 16900 Bogapani section 2-Lane PS in Assam on EPCMode under NHO-NE Package-3 (NHIDCL) (618340) (N24001419) (-),"01/2023
(05/2023)","05/2025
(07/2026)","458.59
(458.59)",236.85,85.15,May 2026,2026-05-01,N24001419
Odisha,Road Transports and Highways,1589.0,Construction of four lane ROB and its approaches in lieu of existing Level Crossing No. RV-71 at km 435 on NH-217 New NH-353 at Khariar including land acquisition under NHO in Annual Plan 2021-22 for the state of Odisha for F.Y. 2021-22 to F.Y 2033-34 (MoRTH) (618003) (N24001419) (-),"11/2021
(06/2023)","12/2024
(06/2026)","154.49
(154.49)",22.32,72.0,May 2026,2026-05-01,N24001419
Karnataka,Road Transports and Highways,1177.0,Construction of Major Bridge at Km.180.865 across river Krishna on NH 167 Hagari Jadcherla section (MoRTH) (617989) (N24001450) (-),"03/2019
(05/2019)","11/2021
(03/2026)","157.32
(187.61)",103.33,68.0,April 2026,2026-04-01,N24001450
Telangana,Road Transports and Highways,1732.0,Widening and Improvement of existing carriage way to 2 lane with paved shoulders from Km. 86/160 to 131/730 of Jangaon-Duddeda section of NH-365B in the State of Telangana on EPC Mode (MoRTH) (618141) (N24001450) (-),"01/2022
(12/2022)","12/2024
(05/2026)","423.48
(423.48)",160.07,76.92,April 2026,2026-04-01,N24001450
Assam,Road Transports and Highways,891.0,Widening/Improvement to 4-Lane with Paved Shoulder from KM 38500 to Km 51246 Design Chainage 38500 to 50959 with proposed Daboka Bypass of Daboka- Parokhaowa of NH 29 on EPC under NHO-NE Package-1 (NHIDCL) (618326) (N24001450),"01/2023
(11/2023)","11/2025
(-)","516.88
(516.88)",0.0,95.0,February 2026,2026-02-01,N24001450
Assam,Road Transports and Highways,892.0,Widening/Improvement to 4-Lane with Paved Shoulder from KM 113300 to Km 146230 Design Chainage 113830 to 145712 of Kwaram Taro Village - Dillai Section in Assam on EPC Package-6 (NHIDCL) (618327) (N24001450),"09/2021
(07/2022)","07/2024
(03/2025)","625.64
(625.64)",0.0,0.0,February 2026,2026-02-01,N24001450
Karnataka,Road Transports and Highways,1157.0,Construction of Major Bridge at Km.180.865 across river Krishna on NH 167 Hagari Jadcherla section (MoRTH) (617989) (N24001450),"03/2019
(05/2019)","11/2021
(10/2024)","157.32
(187.61)",103.33,68.0,February 2026,2026-02-01,N24001450
Telangana,Road Transports and Highways,1703.0,Widening and Improvement of existing carriage way to 2 lane with paved shoulders from Km. 86/160 to 131/730 of Jangaon-Duddeda section of NH-365B in the State of Telangana on EPC Mode (MoRTH) (618141) (N24001450),"01/2022
(12/2022)","12/2024
(06/2025)","423.48
(423.48)",159.94,75.0,February 2026,2026-02-01,N24001450
Assam,Road Transports and Highways,875.0,Widening/Improvement to 4-Lane with Paved Shoulder from KM 38500 to Km 51246 Design Chainage 38500 to 50959 with proposed Daboka Bypass of Daboka- Parokhaowa of NH 29 on EPC under NHO-NE Package-1 (NHIDCL) (618326) (N24001450),"01/2023
(11/2023)","11/2025
(04/2026)","516.88
(516.88)",0.0,97.01,March 2026,2026-03-01,N24001450
Assam,Road Transports and Highways,876.0,Widening/Improvement to 4-Lane with Paved Shoulder from KM 113300 to Km 146230 Design Chainage 113830 to 145712 of Kwaram Taro Village - Dillai Section in Assam on EPC Package-6 (NHIDCL) (618327) (N24001450),"09/2021
(07/2022)","07/2024
(03/2025)","625.64
(625.64)",0.0,0.0,March 2026,2026-03-01,N24001450
Karnataka,Road Transports and Highways,1143.0,Construction of Major Bridge at Km.180.865 across river Krishna on NH 167 Hagari Jadcherla section (MoRTH) (617989) (N24001450),"03/2019
(05/2019)","11/2021
(03/2026)","157.32
(187.61)",103.33,68.0,March 2026,2026-03-01,N24001450
Telangana,Road Transports and Highways,1694.0,Widening and Improvement of existing carriage way to 2 lane with paved shoulders from Km. 86/160 to 131/730 of Jangaon-Duddeda section of NH-365B in the State of Telangana on EPC Mode (MoRTH) (618141) (N24001450),"01/2022
(12/2022)","12/2024
(04/2026)","423.48
(423.48)",160.07,75.24,March 2026,2026-03-01,N24001450
Karnataka,Road Transports and Highways,1184.0,Construction of Major Bridge at Km.180.865 across river Krishna on NH 167 Hagari Jadcherla section (MoRTH) (617989) (N24001450) (-),"03/2019
(05/2019)","11/2021
(04/2027)","157.32
(187.61)",103.33,69.0,May 2026,2026-05-01,N24001450
Telangana,Road Transports and Highways,1744.0,Widening and Improvement of existing carriage way to 2 lane with paved shoulders from Km. 86/160 to 131/730 of Jangaon-Duddeda section of NH-365B in the State of Telangana on EPC Mode (MoRTH) (618141) (N24001450) (-),"01/2022
(12/2022)","12/2024
(06/2026)","423.48
(423.48)",160.2,77.34,May 2026,2026-05-01,N24001450
Andhra Pradesh,Road Transports and Highways,792.0,Kurnool/Kadapa Border-Jammalamadugu section of NH-167K i.e. Design Ch. Km 248010 to km 269900 to 2 (MoRTH) (617986) (N24001537) (-),"03/2023
(12/2024)","12/2026
(12/2026)","292.63
(292.63)",0.0,82.57,April 2026,2026-04-01,N24001537
Assam,Road Transports and Highways,901.0,Dillai to Lahorijan Package-7 (NHIDCL) (618325) (N24001537) (-),"11/2021
(01/2023)","07/2024
(12/2025)","204.1
(204.1)",0.0,0.0,April 2026,2026-04-01,N24001537
Maharashtra,Road Transports and Highways,1348.0,Upgradatiobn and Rehabilitation of Section of NH 361 F from Parli 00/000 to Gangakhed 30/400 to Two Lanes with paved shoulder / Four lane configurations on EPC mode in the State of Maharashtra. (MoRTH) (618136) (N24001537) (-),"03/2021
(02/2022)","09/2023
(03/2026)","224.44
(224.44)",0.0,91.0,April 2026,2026-04-01,N24001537
Andhra Pradesh,Road Transports and Highways,785.0,Kurnool/Kadapa Border-Jammalamadugu section of NH-167K i.e. Design Ch. Km 248010 to km 269900 to 2 (MoRTH) (617986) (N24001537),"03/2023
(12/2024)","12/2026
(-)","292.63
(292.63)",0.0,40.0,February 2026,2026-02-01,N24001537
Assam,Road Transports and Highways,890.0,Dillai to Lahorijan Package-7 (NHIDCL) (618325) (N24001537),"11/2021
(01/2023)","07/2024
(12/2025)","204.1
(204.1)",0.0,0.0,February 2026,2026-02-01,N24001537
Maharashtra,Road Transports and Highways,1325.0,Upgradatiobn and Rehabilitation of Section of NH 361 F from Parli 00/000 to Gangakhed 30/400 to Two Lanes with paved shoulder / Four lane configurations on EPC mode in the State of Maharashtra. (MoRTH) (618136) (N24001537),"03/2021
(02/2022)","09/2023
(08/2024)","224.44
(224.44)",0.0,87.0,February 2026,2026-02-01,N24001537
Andhra Pradesh,Road Transports and Highways,768.0,Kurnool/Kadapa Border-Jammalamadugu section of NH-167K i.e. Design Ch. Km 248010 to km 269900 to 2 (MoRTH) (617986) (N24001537),"03/2023
(12/2024)","12/2026
(12/2026)","292.63
(292.63)",0.0,82.57,March 2026,2026-03-01,N24001537
Assam,Road Transports and Highways,874.0,Dillai to Lahorijan Package-7 (NHIDCL) (618325) (N24001537),"11/2021
(01/2023)","07/2024
(12/2025)","204.1
(204.1)",0.0,0.0,March 2026,2026-03-01,N24001537
Maharashtra,Road Transports and Highways,1311.0,Upgradatiobn and Rehabilitation of Section of NH 361 F from Parli 00/000 to Gangakhed 30/400 to Two Lanes with paved shoulder / Four lane configurations on EPC mode in the State of Maharashtra. (MoRTH) (618136) (N24001537),"03/2021
(02/2022)","09/2023
(03/2026)","224.44
(224.44)",0.0,91.0,March 2026,2026-03-01,N24001537
Andhra Pradesh,Road Transports and Highways,794.0,Kurnool/Kadapa Border-Jammalamadugu section of NH-167K i.e. Design Ch. Km 248010 to km 269900 to 2 (MoRTH) (617986) (N24001537) (-),"03/2023
(12/2024)","12/2026
(12/2026)","292.63
(292.63)",0.0,90.97,May 2026,2026-05-01,N24001537
Assam,Road Transports and Highways,903.0,Dillai to Lahorijan Package-7 (NHIDCL) (618325) (N24001537) (-),"11/2021
(01/2023)","07/2024
(12/2025)","204.1
(204.1)",0.0,0.0,May 2026,2026-05-01,N24001537
Maharashtra,Road Transports and Highways,1357.0,Upgradatiobn and Rehabilitation of Section of NH 361 F from Parli 00/000 to Gangakhed 30/400 to Two Lanes with paved shoulder / Four lane configurations on EPC mode in the State of Maharashtra. (MoRTH) (618136) (N24001537) (-),"03/2021
(02/2022)","09/2023
(03/2026)","224.44
(224.44)",0.0,91.0,May 2026,2026-05-01,N24001537
Assam,Road Transports and Highways,927.0,"6L Standalone Flyovers at Raha, Demow, Borghat, Kathiatali junctions and ROB at Jagiroad on stretches of NH 36 and NH 27 (National Highways Authority of India [NHAI]) (618576) (N24001545) (-)","03/2022
(12/2022)","06/2024
(-)","280.75
(255.53)",211.79,99.04,April 2026,2026-04-01,N24001545
Bihar,Road Transports and Highways,940.0,Construction of Bhabhua Bypass from Ch. 10800Design Ch. 10800 to Ch. 19860 Design Ch. 18150 and Chand Bypass from Ch. 38060 Design Ch. 36250 to Ch. 40460 Design Ch. 38650 and widening of existing road to 2 - lane with Paved shoulder from Ch. 40460 Design Ch. 38650 to Ch. 46860 Design Ch. 45050 of NH-219 Total length- 16.150 Kmunder EPC mode in the state of Bihar (MoRTH) (618004) (N24001545) (-),"02/2022
(01/2025)","07/2026
(04/2027)","179.86
(179.86)",0.0,0.05,April 2026,2026-04-01,N24001545
Assam,Road Transports and Highways,916.0,"6L Standalone Flyovers at Raha, Demow, Borghat, Kathiatali junctions and ROB at Jagiroad on stretches of NH 36 and NH 27 (National Highways Authority of India [NHAI]) (618576) (N24001545)","03/2022
(12/2022)","06/2024
(-)","280.75
(255.53)",211.79,99.0,February 2026,2026-02-01,N24001545
Bihar,Road Transports and Highways,929.0,Construction of Bhabhua Bypass from Ch. 10800Design Ch. 10800 to Ch. 19860 Design Ch. 18150 and Chand Bypass from Ch. 38060 Design Ch. 36250 to Ch. 40460 Design Ch. 38650 and widening of existing road to 2 - lane with Paved shoulder from Ch. 40460 Design Ch. 38650 to Ch. 46860 Design Ch. 45050 of NH-219 Total length- 16.150 Kmunder EPC mode in the state of Bihar (MoRTH) (618004) (N24001545),"02/2022
(01/2025)","07/2026
(-)","179.86
(179.86)",0.0,0.0,February 2026,2026-02-01,N24001545
Mizoram,Road Transports and Highways,1434.0,Up-gradation to 2-lane with paved shoulders of Ngopa - Pawlrang section of NH 102B of Aizawl - Imphal Economic Corridor from Existing Chainage km 32.796 to km 72.030 [Design Chainage km 31.280 to km 68.170] in the State of Mizoram under Bharatmala Pariyojna on EPC mode under NHO-NE Package-2 Keifang- Tuivai Pkg-2 (NHIDCL) (618341) (N24001545),"09/2021
(09/2023)","02/2025
(06/2026)","523.78
(523.78)",394.29,95.0,February 2026,2026-02-01,N24001545
Uttar Pradesh,Road Transports and Highways,1762.0,Construction of 4-lane highway with paved shoulders from Km 49.155 to Km 74.700 of NH-731A on Hybrid Annuity Mode in the state of Uttar Pradesh (MoRTH) (618165) (N24001545),"01/2022
(02/2024)","01/2026
(-)","1156.72
(1156.72)",0.0,92.0,February 2026,2026-02-01,N24001545
Assam,Road Transports and Highways,900.0,"6L Standalone Flyovers at Raha, Demow, Borghat, Kathiatali junctions and ROB at Jagiroad on stretches of NH 36 and NH 27 (National Highways Authority of India [NHAI]) (618576) (N24001545)","03/2022
(12/2022)","06/2024
(-)","280.75
(255.53)",211.79,99.04,March 2026,2026-03-01,N24001545
Bihar,Road Transports and Highways,913.0,Construction of Bhabhua Bypass from Ch. 10800Design Ch. 10800 to Ch. 19860 Design Ch. 18150 and Chand Bypass from Ch. 38060 Design Ch. 36250 to Ch. 40460 Design Ch. 38650 and widening of existing road to 2 - lane with Paved shoulder from Ch. 40460 Design Ch. 38650 to Ch. 46860 Design Ch. 45050 of NH-219 Total length- 16.150 Kmunder EPC mode in the state of Bihar (MoRTH) (618004) (N24001545),"02/2022
(01/2025)","07/2026
(04/2027)","179.86
(179.86)",0.0,0.05,March 2026,2026-03-01,N24001545
Mizoram,Road Transports and Highways,1422.0,Up-gradation to 2-lane with paved shoulders of Ngopa - Pawlrang section of NH 102B of Aizawl - Imphal Economic Corridor from Existing Chainage km 32.796 to km 72.030 [Design Chainage km 31.280 to km 68.170] in the State of Mizoram under Bharatmala Pariyojna on EPC mode under NHO-NE Package-2 Keifang- Tuivai Pkg-2 (NHIDCL) (618341) (N24001545),"09/2021
(09/2023)","02/2025
(06/2026)","523.78
(523.78)",394.29,95.31,March 2026,2026-03-01,N24001545
Uttar Pradesh,Road Transports and Highways,1753.0,Construction of 4-lane highway with paved shoulders from Km 49.155 to Km 74.700 of NH-731A on Hybrid Annuity Mode in the state of Uttar Pradesh (MoRTH) (618165) (N24001545),"01/2022
(02/2024)","01/2026
(06/2026)","1156.72
(1156.72)",0.0,92.0,March 2026,2026-03-01,N24001545
Assam,Road Transports and Highways,929.0,"6L Standalone Flyovers at Raha, Demow, Borghat, Kathiatali junctions and ROB at Jagiroad on stretches of NH 36 and NH 27 (National Highways Authority of India [NHAI]) (618576) (N24001545) (-)","03/2022
(12/2022)","06/2024
(-)","280.75
(255.53)",211.79,99.04,May 2026,2026-05-01,N24001545
Bihar,Road Transports and Highways,942.0,Construction of Bhabhua Bypass from Ch. 10800Design Ch. 10800 to Ch. 19860 Design Ch. 18150 and Chand Bypass from Ch. 38060 Design Ch. 36250 to Ch. 40460 Design Ch. 38650 and widening of existing road to 2 - lane with Paved shoulder from Ch. 40460 Design Ch. 38650 to Ch. 46860 Design Ch. 45050 of NH-219 Total length- 16.150 Kmunder EPC mode in the state of Bihar (MoRTH) (618004) (N24001545) (-),"02/2022
(01/2025)","07/2026
(04/2027)","179.86
(179.86)",0.0,0.05,May 2026,2026-05-01,N24001545
Bihar,Road Transports and Highways,931.0,Sitamarhi-Jaynagar Section km 79.400 to km 156.500 Lot-II (MoRTH) (618006) (N24001590),"02/2016
(06/2016)","12/2018
(06/2021)","369.77
(503.28)",0.0,98.0,February 2026,2026-02-01,N24001590
Jharkhand,Road Transports and Highways,1143.0,4L from km 196.87 Sankha to km 219.6 Khajuri on NH-75 [Rehla / Garhwa Bypass] (National Highways Authority of India [NHAI]) (618829) (N24001590),"09/2020
(10/2021)","10/2023
(-)","1129.48
(1129.48)",527.11,93.0,February 2026,2026-02-01,N24001590
Uttar Pradesh,Road Transports and Highways,1764.0,Rehabilitation & Upgradation of NH-731A from Km.0.00 to Km.35.00 to 2-lane with paved shoulder under EPC mode (MoRTH) (618167) (N24001590),"03/2021
(08/2022)","08/2023
(-)","264.86
(264.86)",0.0,90.0,February 2026,2026-02-01,N24001590
Bihar,Road Transports and Highways,915.0,Sitamarhi-Jaynagar Section km 79.400 to km 156.500 Lot-II (MoRTH) (618006) (N24001590),"02/2016
(06/2016)","12/2018
(05/2026)","369.77
(503.28)",0.0,98.78,March 2026,2026-03-01,N24001590
Jharkhand,Road Transports and Highways,1129.0,4L from km 196.87 Sankha to km 219.6 Khajuri on NH-75 [Rehla / Garhwa Bypass] (National Highways Authority of India [NHAI]) (618829) (N24001590),"09/2020
(10/2021)","10/2023
(-)","1129.48
(1129.48)",527.11,93.45,March 2026,2026-03-01,N24001590
Uttar Pradesh,Road Transports and Highways,1755.0,Rehabilitation & Upgradation of NH-731A from Km.0.00 to Km.35.00 to 2-lane with paved shoulder under EPC mode (MoRTH) (618167) (N24001590),"03/2021
(08/2022)","08/2023
(-)","264.86
(264.86)",0.0,90.0,March 2026,2026-03-01,N24001590
Bihar,Road Transports and Highways,941.0,Sheohar-Sitamarhi Section km 40.000 to 79.400 km Lot-I (MoRTH) (618005) (N24001647) (-),"02/2016
(05/2016)","05/2018
(06/2026)","178.85
(278.53)",0.0,98.65,April 2026,2026-04-01,N24001647
Odisha,Road Transports and Highways,1591.0,Balance work of Panikoili Rimoli Section of new NH-20 from Km 0.00 to Km. 163.000 (National Highways Authority of India [NHAI]) (618819) (N24001647) (-),"09/2020
(03/2021)","03/2022
(07/2022)","183.03
(200.79)",89.36,99.0,April 2026,2026-04-01,N24001647
Bihar,Road Transports and Highways,930.0,Sheohar-Sitamarhi Section km 40.000 to 79.400 km Lot-I (MoRTH) (618005) (N24001647),"02/2016
(05/2016)","05/2018
(06/2021)","178.85
(278.53)",0.0,98.0,February 2026,2026-02-01,N24001647
Odisha,Road Transports and Highways,1565.0,Balance work of Panikoili Rimoli Section of new NH-20 from Km 0.00 to Km. 163.000 (National Highways Authority of India [NHAI]) (618819) (N24001647),"09/2020
(03/2021)","03/2022
(07/2022)","183.03
(200.79)",89.36,99.0,February 2026,2026-02-01,N24001647
Uttar Pradesh,Road Transports and Highways,1763.0,Construction of 4-lane green field highway from Km. 35.000 to Km. 49.155 of NH- 731A with paved shoulders on Hybrid Annuity Mode in the state of Uttar Pradesh (MoRTH) (618166) (N24001647),"01/2022
(10/2023)","10/2025
(-)","697.66
(697.66)",0.04,99.0,February 2026,2026-02-01,N24001647
Bihar,Road Transports and Highways,914.0,Sheohar-Sitamarhi Section km 40.000 to 79.400 km Lot-I (MoRTH) (618005) (N24001647),"02/2016
(05/2016)","05/2018
(08/2025)","178.85
(278.53)",0.0,98.65,March 2026,2026-03-01,N24001647
Odisha,Road Transports and Highways,1554.0,Balance work of Panikoili Rimoli Section of new NH-20 from Km 0.00 to Km. 163.000 (National Highways Authority of India [NHAI]) (618819) (N24001647),"09/2020
(03/2021)","03/2022
(07/2022)","183.03
(200.79)",89.36,99.0,March 2026,2026-03-01,N24001647
Uttar Pradesh,Road Transports and Highways,1754.0,Construction of 4-lane green field highway from Km. 35.000 to Km. 49.155 of NH- 731A with paved shoulders on Hybrid Annuity Mode in the state of Uttar Pradesh (MoRTH) (618166) (N24001647),"01/2022
(10/2023)","10/2025
(04/2026)","697.66
(697.66)",0.04,99.0,March 2026,2026-03-01,N24001647
Bihar,Road Transports and Highways,943.0,Sheohar-Sitamarhi Section km 40.000 to 79.400 km Lot-I (MoRTH) (618005) (N24001647) (-),"02/2016
(05/2016)","05/2018
(07/2026)","178.85
(278.53)",0.0,98.65,May 2026,2026-05-01,N24001647
Odisha,Road Transports and Highways,1602.0,Balance work of Panikoili Rimoli Section of new NH-20 from Km 0.00 to Km. 163.000 (National Highways Authority of India [NHAI]) (618819) (N24001647) (-),"09/2020
(03/2021)","03/2022
(07/2022)","183.03
(200.79)",89.36,99.0,May 2026,2026-05-01,N24001647
Manipur,Road Transports and Highways,1424.0,Widening to 2-lane with Hard shoulder of Churachandpur to Tuivai Section from Km 48.587 to Km 69.875 in the State of Manipur on EPC mode under NHO Package-2B (NHIDCL) (618345) (N24001730) (-),"06/2020
(08/2020)","08/2022
(05/2026)","365.53
(365.53)",187.39,85.09,April 2026,2026-04-01,N24001730
Uttar Pradesh,Road Transports and Highways,1771.0,"Construction of four-lane elevated viaduct from km.4634 to km.6345 on NH-24A including Retaining wall, service lane, at grade road and improvement of junctions, on EPC mode (MoRTH) (618008) (N24001730) (-)","03/2021
(03/2022)","09/2023
(12/2024)","185.09
(269.81)",175.09,100.0,April 2026,2026-04-01,N24001730
Uttar Pradesh,Road Transports and Highways,1741.0,"Construction of four-lane elevated viaduct from km.4634 to km.6345 on NH-24A including Retaining wall, service lane, at grade road and improvement of junctions, on EPC mode (MoRTH) (618008) (N24001730)","03/2021
(03/2022)","09/2023
(03/2024)","185.09
(269.81)",158.8,100.0,February 2026,2026-02-01,N24001730
Uttar Pradesh,Road Transports and Highways,1766.0,Construction of Two Lane with paved shoulder highway from Design Ch.0.000 to Ch.49.2OO of NH-731B on EPC Mode (MoRTH) (618169) (N24001730),"03/2022
(11/2023)","11/2025
(-)","640.18
(602.76)",232.83,94.0,February 2026,2026-02-01,N24001730
Uttar Pradesh,Road Transports and Highways,1816.0,4L from Gaju Village at Km. 32.982 to Devinagar Bypass End at Km. 208.000 of NH- 530B Pkg-1C. (National Highways Authority of India [NHAI]) (618865) (N24001730),"12/2021
(01/2023)","01/2025
(-)","1384.79
(1496.44)",823.04,99.0,February 2026,2026-02-01,N24001730
Manipur,Road Transports and Highways,1388.0,Widening to 2-lane with Hard shoulder of Churachandpur to Tuivai Section from Km 48.587 to Km 69.875 in the State of Manipur on EPC mode under NHO Package-2B (NHIDCL) (618345) (N24001730),"06/2020
(08/2020)","08/2022
(05/2026)","365.53
(365.53)",187.39,85.09,March 2026,2026-03-01,N24001730
Uttar Pradesh,Road Transports and Highways,1732.0,"Construction of four-lane elevated viaduct from km.4634 to km.6345 on NH-24A including Retaining wall, service lane, at grade road and improvement of junctions, on EPC mode (MoRTH) (618008) (N24001730)","03/2021
(03/2022)","09/2023
(12/2024)","185.09
(269.81)",175.09,100.0,March 2026,2026-03-01,N24001730
Uttar Pradesh,Road Transports and Highways,1757.0,Construction of Two Lane with paved shoulder highway from Design Ch.0.000 to Ch.49.2OO of NH-731B on EPC Mode (MoRTH) (618169) (N24001730),"03/2022
(11/2023)","11/2025
(07/2026)","640.18
(602.76)",239.2,95.39,March 2026,2026-03-01,N24001730
Uttar Pradesh,Road Transports and Highways,1806.0,4L from Gaju Village at Km. 32.982 to Devinagar Bypass End at Km. 208.000 of NH- 530B Pkg-1C. (National Highways Authority of India [NHAI]) (618865) (N24001730),"12/2021
(01/2023)","01/2025
(-)","1384.79
(1496.44)",823.04,99.99,March 2026,2026-03-01,N24001730
Manipur,Road Transports and Highways,1433.0,Widening to 2-lane with Hard shoulder of Churachandpur to Tuivai Section from Km 48.587 to Km 69.875 in the State of Manipur on EPC mode under NHO Package-2B (NHIDCL) (618345) (N24001730) (-),"06/2020
(08/2020)","08/2022
(07/2026)","365.53
(365.53)",187.39,87.28,May 2026,2026-05-01,N24001730
Uttar Pradesh,Road Transports and Highways,1783.0,"Construction of four-lane elevated viaduct from km.4634 to km.6345 on NH-24A including Retaining wall, service lane, at grade road and improvement of junctions, on EPC mode (MoRTH) (618008) (N24001730) (-)","03/2021
(03/2022)","09/2023
(12/2024)","185.09
(269.81)",175.09,100.0,May 2026,2026-05-01,N24001730
Bihar,Road Transports and Highways,932.0,Jaynagar-Narahia Section km 156.500 to km 219.945 Lot-III (MoRTH) (618007) (N24001792),"02/2016
(05/2016)","11/2018
(03/2021)","553.3
(706.39)",0.0,99.0,February 2026,2026-02-01,N24001792
Gujarat,Road Transports and Highways,1047.0,4L of Bal Works of Talaja - Mahuva from 54.990 km. to 100.450 km. of Old NH-8E Package-II (National Highways Authority of India [NHAI]) (618835) (N24001792),"08/2020
(03/2021)","09/2022
(-)","698.4
(735.51)",418.41,100.0,February 2026,2026-02-01,N24001792
Uttar Pradesh,Road Transports and Highways,1765.0,Widening to four lane with paved shoulder from Design Km.49.200 to Km.89.285 of NH-731B on EPC mode in the state of Uttar Pradesh (MoRTH) (618168) (N24001792),"03/2022
(01/2024)","01/2026
(-)","917.91
(965.3)",128.0,51.0,February 2026,2026-02-01,N24001792
Bihar,Road Transports and Highways,916.0,Jaynagar-Narahia Section km 156.500 to km 219.945 Lot-III (MoRTH) (618007) (N24001792),"02/2016
(05/2016)","11/2018
(08/2025)","553.3
(706.39)",0.0,99.0,March 2026,2026-03-01,N24001792
Gujarat,Road Transports and Highways,1034.0,4L of Bal Works of Talaja - Mahuva from 54.990 km. to 100.450 km. of Old NH-8E Package-II (National Highways Authority of India [NHAI]) (618835) (N24001792),"08/2020
(03/2021)","09/2022
(-)","698.4
(735.51)",418.41,100.0,March 2026,2026-03-01,N24001792
Manipur,Road Transports and Highways,1387.0,Widening to 2-lane with Hard shoulder of Churachandpur to Tuivai Section of NH- 102B from Design Chainage 69.875 Km to 121.769 Km in the State of Manipur on EPC mode Package-3 (NHIDCL) (618344) (N24001792),"03/2021
(08/2021)","08/2023
(12/2026)","673.27
(673.27)",500.96,82.93,March 2026,2026-03-01,N24001792
Uttar Pradesh,Road Transports and Highways,1756.0,Widening to four lane with paved shoulder from Design Km.49.200 to Km.89.285 of NH-731B on EPC mode in the state of Uttar Pradesh (MoRTH) (618168) (N24001792),"03/2022
(01/2024)","01/2026
(01/2027)","917.91
(965.3)",128.0,51.39,March 2026,2026-03-01,N24001792
Jammu and Kashmir,Road Transports and Highways,1103.0,Rehabilitation and up-gradation to 2 lane with paved shoulder from existing chainage km 64535 to km 85385 Design chainage km 55800 to km 74350 under 13 TF on Akhnoor-Poonch road NH-144A under Project Sampark BRO in the UT of Jammu & Kashmir on EPC mode Package-III Job no NH-144A-J&K-2019-20-79 (MoRTH) (618223) (N24001901),"03/2020
(09/2021)","09/2023
(-)","152.93
(152.93)",66.69,85.0,February 2026,2026-02-01,N24001901
Jammu and Kashmir,Road Transports and Highways,1104.0,Rehabilitation and up-gradation to 2 lane with paved shoulder from existing chainage km 49150 to km 64535 Design chainage km 46.450 to km 55.800 including construction of Sungal Tunnel Total length of Tunnel 2.79 km under 13 TF on Akhnoor-Poonch road NH-144A under Project Sampark BRO in the UT of Jammu & Kashmir on EPC mode Package-II Job no NH-144A-J&K-2019-20-78 (MoRTH) (618224) (N24001901),"03/2020
(08/2021)","08/2024
(-)","796.97
(796.97)",419.73,90.0,February 2026,2026-02-01,N24001901
Jammu and Kashmir,Road Transports and Highways,1090.0,Rehabilitation and up-gradation to 2 lane with paved shoulder from existing chainage km 64535 to km 85385 Design chainage km 55800 to km 74350 under 13 TF on Akhnoor-Poonch road NH-144A under Project Sampark BRO in the UT of Jammu & Kashmir on EPC mode Package-III Job no NH-144A-J&K-2019-20-79 (MoRTH) (618223) (N24001901),"03/2020
(09/2021)","09/2023
(05/2026)","152.93
(152.93)",74.82,88.01,March 2026,2026-03-01,N24001901
Jammu and Kashmir,Road Transports and Highways,1091.0,Rehabilitation and up-gradation to 2 lane with paved shoulder from existing chainage km 49150 to km 64535 Design chainage km 46.450 to km 55.800 including construction of Sungal Tunnel Total length of Tunnel 2.79 km under 13 TF on Akhnoor-Poonch road NH-144A under Project Sampark BRO in the UT of Jammu & Kashmir on EPC mode Package-II Job no NH-144A-J&K-2019-20-78 (MoRTH) (618224) (N24001901),"03/2020
(08/2021)","08/2024
(05/2026)","796.97
(796.97)",426.41,90.9,March 2026,2026-03-01,N24001901
Jharkhand,Road Transports and Highways,1152.0,Widening and Strengthening/Reconstruction to Two Lane with Paved Shoulder/ Two Lane with paved shoulders with service road from km 0000 to km 42250 excluding design Ch. 03220 to 04200 & 28350 to 29060 of NH-320G in the state of Jharkhand under EPC mode (MoRTH) (618123) (N24001925) (-),"03/2022
(08/2023)","08/2025
(-)","423.18
(423.18)",4.11,0.0,April 2026,2026-04-01,N24001925
Telangana,Road Transports and Highways,1716.0,Widening & Strengthening of Existing 2LPS to 4 lane PS from Km 150000 to Km 159000 and Km 165400 to Km 186000 of NH-163 old NH-202 under NH O for the year 2020-21 on EPC Mode in the state of Telangana. (MoRTH) (617983) (N24001925) (-),"03/2021
(07/2022)","07/2024
(06/2026)","317.19
(300.56)",175.26,87.0,April 2026,2026-04-01,N24001925
Jharkhand,Road Transports and Highways,1133.0,Widening and Strengthening/Reconstruction to Two Lane with Paved Shoulder/ Two Lane with paved shoulders with service road from km 0000 to km 42250 excluding design Ch. 03220 to 04200 & 28350 to 29060 of NH-320G in the state of Jharkhand under EPC mode (MoRTH) (618123) (N24001925),"03/2022
(08/2023)","08/2025
(-)","423.18
(423.18)",4.11,0.0,February 2026,2026-02-01,N24001925
Telangana,Road Transports and Highways,1688.0,Widening & Strengthening of Existing 2LPS to 4 lane PS from Km 150000 to Km 159000 and Km 165400 to Km 186000 of NH-163 old NH-202 under NH O for the year 2020-21 on EPC Mode in the state of Telangana. (MoRTH) (617983) (N24001925),"03/2021
(07/2022)","07/2024
(04/2025)","317.19
(300.56)",168.8,82.0,February 2026,2026-02-01,N24001925
Jharkhand,Road Transports and Highways,1119.0,Widening and Strengthening/Reconstruction to Two Lane with Paved Shoulder/ Two Lane with paved shoulders with service road from km 0000 to km 42250 excluding design Ch. 03220 to 04200 & 28350 to 29060 of NH-320G in the state of Jharkhand under EPC mode (MoRTH) (618123) (N24001925),"03/2022
(08/2023)","08/2025
(-)","423.18
(423.18)",4.11,0.0,March 2026,2026-03-01,N24001925
Telangana,Road Transports and Highways,1678.0,Widening & Strengthening of Existing 2LPS to 4 lane PS from Km 150000 to Km 159000 and Km 165400 to Km 186000 of NH-163 old NH-202 under NH O for the year 2020-21 on EPC Mode in the state of Telangana. (MoRTH) (617983) (N24001925),"03/2021
(07/2022)","07/2024
(06/2026)","317.19
(300.56)",175.26,86.0,March 2026,2026-03-01,N24001925
Jharkhand,Road Transports and Highways,1157.0,Widening and Strengthening/Reconstruction to Two Lane with Paved Shoulder/ Two Lane with paved shoulders with service road from km 0000 to km 42250 excluding design Ch. 03220 to 04200 & 28350 to 29060 of NH-320G in the state of Jharkhand under EPC mode (MoRTH) (618123) (N24001925) (-),"03/2022
(08/2023)","08/2025
(-)","423.18
(423.18)",4.11,0.0,May 2026,2026-05-01,N24001925
Telangana,Road Transports and Highways,1728.0,Widening & Strengthening of Existing 2LPS to 4 lane PS from Km 150000 to Km 159000 and Km 165400 to Km 186000 of NH-163 old NH-202 under NH O for the year 2020-21 on EPC Mode in the state of Telangana. (MoRTH) (617983) (N24001925) (-),"03/2021
(07/2022)","07/2024
(06/2026)","317.19
(300.56)",175.28,88.0,May 2026,2026-05-01,N24001925
Andhra Pradesh,Road Transports and Highways,795.0,Construction of bypass road to Adoni town connecting NH-167 Hagari - Jadcharla road from km.62/700 to 71/400 in Kurnool District in the State of Andhra Pradesh. (MoRTH) (617990) (N24002025) (-),"03/2023
(02/2024)","11/2025
(-)","242
(242)",78.49,95.94,April 2026,2026-04-01,N24002025
Assam,Road Transports and Highways,906.0,Widening/Improvement to 2-Lane Lane with Paved Shoulder from km 16900 Bogapani to km 27150 Golai Goan on existing Dibrugarh to Ledo section with proposed Digboi Bypass Green Field and Brownfield 2-LanePS of NH-315 OLD NH-38 in Tinsukia District under NHO- NE Package-4 (NHIDCL) (618339) (N24002025) (-),"01/2023
(12/2023)","12/2026
(-)","356.65
(356.65)",0.0,20.45,April 2026,2026-04-01,N24002025
Telangana,Road Transports and Highways,1733.0,Widening to Two lane with Paved shoulders from km.40/410 to 84/037 of Thirumanlagiri-- Suryapet Section of NH-365B earstwhile section of SH-16 (MoRTH) (618142) (N24002025) (-),"01/2017
(05/2017)","05/2019
(09/2019)","244.54
(244.54)",0.0,99.96,April 2026,2026-04-01,N24002025
Andhra Pradesh,Road Transports and Highways,788.0,Construction of bypass road to Adoni town connecting NH-167 Hagari - Jadcharla road from km.62/700 to 71/400 in Kurnool District in the State of Andhra Pradesh. (MoRTH) (617990) (N24002025),"03/2023
(02/2024)","11/2025
(-)","242
(242)",78.49,95.0,February 2026,2026-02-01,N24002025
Assam,Road Transports and Highways,895.0,Widening/Improvement to 2-Lane Lane with Paved Shoulder from km 16900 Bogapani to km 27150 Golai Goan on existing Dibrugarh to Ledo section with proposed Digboi Bypass Green Field and Brownfield 2-LanePS of NH-315 OLD NH-38 in Tinsukia District under NHO- NE Package-4 (NHIDCL) (618339) (N24002025),"01/2023
(12/2023)","12/2026
(-)","356.65
(356.65)",0.0,20.0,February 2026,2026-02-01,N24002025
Telangana,Road Transports and Highways,1704.0,Widening to Two lane with Paved shoulders from km.40/410 to 84/037 of Thirumanlagiri-- Suryapet Section of NH-365B earstwhile section of SH-16 (MoRTH) (618142) (N24002025),"01/2017
(05/2017)","05/2019
(05/2019)","244.54
(244.54)",0.0,99.0,February 2026,2026-02-01,N24002025
Andhra Pradesh,Road Transports and Highways,771.0,Construction of bypass road to Adoni town connecting NH-167 Hagari - Jadcharla road from km.62/700 to 71/400 in Kurnool District in the State of Andhra Pradesh. (MoRTH) (617990) (N24002025),"03/2023
(02/2024)","11/2025
(-)","242
(242)",78.49,95.94,March 2026,2026-03-01,N24002025
Assam,Road Transports and Highways,879.0,Widening/Improvement to 2-Lane Lane with Paved Shoulder from km 16900 Bogapani to km 27150 Golai Goan on existing Dibrugarh to Ledo section with proposed Digboi Bypass Green Field and Brownfield 2-LanePS of NH-315 OLD NH-38 in Tinsukia District under NHO- NE Package-4 (NHIDCL) (618339) (N24002025),"01/2023
(12/2023)","12/2026
(-)","356.65
(356.65)",0.0,20.45,March 2026,2026-03-01,N24002025
Telangana,Road Transports and Highways,1695.0,Widening to Two lane with Paved shoulders from km.40/410 to 84/037 of Thirumanlagiri-- Suryapet Section of NH-365B earstwhile section of SH-16 (MoRTH) (618142) (N24002025),"01/2017
(05/2017)","05/2019
(09/2019)","244.54
(244.54)",0.0,99.96,March 2026,2026-03-01,N24002025
Andhra Pradesh,Road Transports and Highways,797.0,Construction of bypass road to Adoni town connecting NH-167 Hagari - Jadcharla road from km.62/700 to 71/400 in Kurnool District in the State of Andhra Pradesh. (MoRTH) (617990) (N24002025) (-),"03/2023
(02/2024)","11/2025
(-)","242
(242)",78.49,95.94,May 2026,2026-05-01,N24002025
Assam,Road Transports and Highways,908.0,Widening/Improvement to 2-Lane Lane with Paved Shoulder from km 16900 Bogapani to km 27150 Golai Goan on existing Dibrugarh to Ledo section with proposed Digboi Bypass Green Field and Brownfield 2-LanePS of NH-315 OLD NH-38 in Tinsukia District under NHO- NE Package-4 (NHIDCL) (618339) (N24002025) (-),"01/2023
(12/2023)","12/2026
(-)","356.65
(356.65)",0.0,20.45,May 2026,2026-05-01,N24002025
Telangana,Road Transports and Highways,1745.0,Widening to Two lane with Paved shoulders from km.40/410 to 84/037 of Thirumanlagiri-- Suryapet Section of NH-365B earstwhile section of SH-16 (MoRTH) (618142) (N24002025) (-),"01/2017
(05/2017)","05/2019
(09/2019)","244.54
(244.54)",0.0,99.96,May 2026,2026-05-01,N24002025
Assam,Road Transports and Highways,913.0,"Earthwork in Formation, Road Work, Construction of Bridges, Blanketing, P. Way Linking works including Supply of P. Way Fittings and Track Ballast in connection with Construction of Railway Siding from Jogighopa Railway Station to MMLP at Jogighopa from Ch. 00 to 3760 on Item Rate basis Package -3, Railway Siding from Jogighopa Railway Station to MMLP (NHIDCL) (618454) (N24002030)","02/2020
(12/2020)","06/2022
(09/2024)","693.97
(693.97)",37.6,93.0,February 2026,2026-02-01,N24002030
Assam,Road Transports and Highways,914.0,Development of External Trunk Connectivity and Internal Infrastructure Works at Multi Model Logistics ParkMMLP at Jogighopa in the State of Assam on EPC Mode Package-I Road and Utility Works (NHIDCL) (618455) (N24002030),"02/2020
(09/2020)","04/2022
(10/2024)","693.97
(693.97)",296.92,100.0,February 2026,2026-02-01,N24002030
Assam,Road Transports and Highways,898.0,"Earthwork in Formation, Road Work, Construction of Bridges, Blanketing, P. Way Linking works including Supply of P. Way Fittings and Track Ballast in connection with Construction of Railway Siding from Jogighopa Railway Station to MMLP at Jogighopa from Ch. 00 to 3760 on Item Rate basis Package -3, Railway Siding from Jogighopa Railway Station to MMLP (NHIDCL) (618454) (N24002030)","02/2020
(12/2020)","06/2022
(09/2024)","693.97
(693.97)",37.6,93.23,March 2026,2026-03-01,N24002030
Assam,Road Transports and Highways,899.0,Development of External Trunk Connectivity and Internal Infrastructure Works at Multi Model Logistics ParkMMLP at Jogighopa in the State of Assam on EPC Mode Package-I Road and Utility Works (NHIDCL) (618455) (N24002030),"02/2020
(09/2020)","04/2022
(09/2024)","693.97
(693.97)",296.96,100.0,March 2026,2026-03-01,N24002030
Gujarat,Road Transports and Highways,1033.0,Up-gradation of Dhoraji-Jamkandorna-Kalavad Section of NH-927D from Design Chainage km 0/00 to km 58/115 to Two lane with PS configuration in the State of Gujarat on EPC (MoRTH) (617906) (N24002118) (-),"10/2022
(01/2025)","01/2027
(01/2027)","246.6
(291.19)",0.0,35.0,April 2026,2026-04-01,N24002118
Gujarat,Road Transports and Highways,1040.0,Upgradation to two lane with paved Shoulder Configuaration from Km. 0/00 to 47/000 of NH 351 Mahuva to Badhada section in the State of Gujarat (MoRTH) (618022) (N24002118) (-),"12/2022
(02/2024)","08/2025
(12/2026)","173.06
(219.08)",22.53,67.0,April 2026,2026-04-01,N24002118
Gujarat,Road Transports and Highways,1014.0,Up-gradation of Dhoraji-Jamkandorna-Kalavad Section of NH-927D from Design Chainage km 0/00 to km 58/115 to Two lane with PS configuration in the State of Gujarat on EPC (MoRTH) (617906) (N24002118),"10/2022
(02/2024)","01/2027
(-)","246.6
(291.19)",0.0,21.0,February 2026,2026-02-01,N24002118
Gujarat,Road Transports and Highways,1021.0,Upgradation to two lane with paved Shulder Configuaration from Km. 0/00 to 47/000 of NH 351 Mahuva to Badhada section in the State of Gujarat (MoRTH) (618022) (N24002118),"12/2022
(02/2024)","08/2025
(-)","173.06
(219.08)",22.53,60.0,February 2026,2026-02-01,N24002118
Gujarat,Road Transports and Highways,1002.0,Up-gradation of Dhoraji-Jamkandorna-Kalavad Section of NH-927D from Design Chainage km 0/00 to km 58/115 to Two lane with PS configuration in the State of Gujarat on EPC (MoRTH) (617906) (N24002118),"10/2022
(01/2025)","01/2027
(01/2027)","246.6
(291.19)",0.0,35.0,March 2026,2026-03-01,N24002118
Gujarat,Road Transports and Highways,1009.0,Upgradation to two lane with paved Shulder Configuaration from Km. 0/00 to 47/000 of NH 351 Mahuva to Badhada section in the State of Gujarat (MoRTH) (618022) (N24002118),"12/2022
(02/2024)","08/2025
(05/2026)","173.06
(219.08)",22.53,62.0,March 2026,2026-03-01,N24002118
Gujarat,Road Transports and Highways,1037.0,Up-gradation of Dhoraji-Jamkandorna-Kalavad Section of NH-927D from Design Chainage km 0/00 to km 58/115 to Two lane with PS configuration in the State of Gujarat on EPC (MoRTH) (617906) (N24002118) (-),"10/2022
(01/2025)","01/2027
(01/2027)","246.6
(291.19)",0.0,35.0,May 2026,2026-05-01,N24002118
Gujarat,Road Transports and Highways,1044.0,Upgradation to two lane with paved Shoulder Configuaration from Km. 0/00 to 47/000 of NH 351 Mahuva to Badhada section in the State of Gujarat (MoRTH) (618022) (N24002118) (-),"12/2022
(02/2024)","08/2025
(12/2026)","173.06
(219.08)",22.53,67.0,May 2026,2026-05-01,N24002118
Maharashtra,Road Transports and Highways,1353.0,Mhaswad to Tembhurni section of NH-548C - 2L PS (MoRTH) (618152) (N24002132) (-),"01/2017
(08/2017)","07/2019
(12/2025)","488.6
(488.6)",0.0,96.19,April 2026,2026-04-01,N24002132
Telangana,Road Transports and Highways,1721.0,Widening to 2/4 Lane with paved shoulders from Km 182.120 to Km 227.600 of NH 167 on Haggari-Jadcherla Road on EPC mode under NHO in the state of Telangana (MoRTH) (617996) (N24002132) (-),"10/2016
(02/2017)","02/2019
(03/2026)","298
(298)",234.7,95.6,April 2026,2026-04-01,N24002132
Maharashtra,Road Transports and Highways,1330.0,Mhaswad to Tembhurni section of NH-548C - 2L PS (MoRTH) (618152) (N24002132),"01/2017
(08/2017)","07/2019
(07/2019)","488.6
(488.6)",0.0,96.0,February 2026,2026-02-01,N24002132
Manipur,Road Transports and Highways,1396.0,Widening to 2 Lane with Paved shoulder of lmphal to Jiribam section of NH-37 from Design Ch. from km 131.280 to km 169.570 on EPC mode in Manipur under NHO- TSP PKG-6 (NHIDCL) (618334) (N24002132),"12/2021
(02/2023)","02/2025
(05/2025)","504.76
(504.76)",293.62,91.0,February 2026,2026-02-01,N24002132
Telangana,Road Transports and Highways,1692.0,Widening to 2/4 Lane with paved shoulders from Km 182.120 to Km 227.600 of NH 167 on Haggari-Jadcherla Road on EPC mode under NHO in the state of Telangana (MoRTH) (617996) (N24002132),"10/2016
(02/2017)","02/2019
(07/2023)","298
(298)",228.09,95.0,February 2026,2026-02-01,N24002132
Tripura,Road Transports and Highways,1737.0,"Construction of 4-Lane with paved shoulder Agartala bypass Western side, length 25.402 km connecting NH-8 near Amtali to NH-108B near Lembuchhera in the state of Tripura on EPC basis under NHO-NE (NHIDCL) (618417) (N24002132)","03/2023
(03/2024)","03/2027
(-)","2026.05
(2026.05)",0.0,0.0,February 2026,2026-02-01,N24002132
Maharashtra,Road Transports and Highways,1316.0,Mhaswad to Tembhurni section of NH-548C - 2L PS (MoRTH) (618152) (N24002132),"01/2017
(08/2017)","07/2019
(12/2025)","488.6
(488.6)",0.0,96.19,March 2026,2026-03-01,N24002132
Manipur,Road Transports and Highways,1382.0,Widening to 2 Lane with Paved shoulder of lmphal to Jiribam section of NH-37 from Design Ch. from km 131.280 to km 169.570 on EPC mode in Manipur under NHO- TSP PKG-6 (NHIDCL) (618334) (N24002132),"12/2021
(02/2023)","02/2025
(05/2026)","504.76
(504.76)",308.06,95.0,March 2026,2026-03-01,N24002132
Telangana,Road Transports and Highways,1683.0,Widening to 2/4 Lane with paved shoulders from Km 182.120 to Km 227.600 of NH 167 on Haggari-Jadcherla Road on EPC mode under NHO in the state of Telangana (MoRTH) (617996) (N24002132),"10/2016
(02/2017)","02/2019
(03/2026)","298
(298)",234.7,95.6,March 2026,2026-03-01,N24002132
Tripura,Road Transports and Highways,1728.0,"Construction of 4-Lane with paved shoulder Agartala bypass Western side, length 25.402 km connecting NH-8 near Amtali to NH-108B near Lembuchhera in the state of Tripura on EPC basis under NHO-NE (NHIDCL) (618417) (N24002132)","03/2023
(03/2024)","03/2027
(-)","2026.05
(2026.05)",0.0,0.0,March 2026,2026-03-01,N24002132
Maharashtra,Road Transports and Highways,1362.0,Mhaswad to Tembhurni section of NH-548C - 2L PS (MoRTH) (618152) (N24002132) (-),"01/2017
(08/2017)","07/2019
(12/2025)","488.6
(488.6)",0.0,96.19,May 2026,2026-05-01,N24002132
Telangana,Road Transports and Highways,1733.0,Widening to 2/4 Lane with paved shoulders from Km 182.120 to Km 227.600 of NH 167 on Haggari-Jadcherla Road on EPC mode under NHO in the state of Telangana (MoRTH) (617996) (N24002132) (-),"10/2016
(02/2017)","02/2019
(03/2026)","298
(298)",234.7,95.6,May 2026,2026-05-01,N24002132
